[INFO] Scanning for projects...
[INFO] 
[INFO] ---------------------< com.vtr:your-project-name >----------------------
[INFO] Building your-project-name 1.0.0
[INFO]   from pom.xml
[INFO] --------------------------------[ jar ]---------------------------------
[INFO] 
[INFO] >>> spring-boot:2.7.18:run (default-cli) > test-compile @ your-project-name >>>
[WARNING] The artifact mysql:mysql-connector-java:jar:8.0.33 has been relocated to com.mysql:mysql-connector-j:jar:8.0.33: MySQL Connector/J artifacts moved to reverse-DNS compliant Maven 2+ coordinates.
[INFO] 
[INFO] --- resources:3.2.0:resources (default-resources) @ your-project-name ---
[INFO] Using 'UTF-8' encoding to copy filtered resources.
[INFO] Using 'UTF-8' encoding to copy filtered properties files.
[INFO] Copying 4 resources
[INFO] Copying 5 resources
[INFO] 
[INFO] --- compiler:3.10.1:compile (default-compile) @ your-project-name ---
[INFO] Changes detected - recompiling the module!
[INFO] Compiling 287 source files to E:\新的\源代码\virtual-teaching-room\vtr-backend\target\classes
[INFO] /E:/新的/源代码/virtual-teaching-room/vtr-backend/src/main/java/com/vtr/security/JwtTokenProvider.java: E:\新的\源代码\virtual-teaching-room\vtr-backend\src\main\java\com\vtr\security\JwtTokenProvider.java使用或覆盖了已过时的 API。
[INFO] /E:/新的/源代码/virtual-teaching-room/vtr-backend/src/main/java/com/vtr/security/JwtTokenProvider.java: 有关详细信息, 请使用 -Xlint:deprecation 重新编译。
[INFO] /E:/新的/源代码/virtual-teaching-room/vtr-backend/src/main/java/com/vtr/service/KimiAiService.java: E:\新的\源代码\virtual-teaching-room\vtr-backend\src\main\java\com\vtr\service\KimiAiService.java使用了未经检查或不安全的操作。
[INFO] /E:/新的/源代码/virtual-teaching-room/vtr-backend/src/main/java/com/vtr/service/KimiAiService.java: 有关详细信息, 请使用 -Xlint:unchecked 重新编译。
[INFO] 
[INFO] --- resources:3.2.0:testResources (default-testResources) @ your-project-name ---
[INFO] Using 'UTF-8' encoding to copy filtered resources.
[INFO] Using 'UTF-8' encoding to copy filtered properties files.
[INFO] skip non existing resourceDirectory E:\新的\源代码\virtual-teaching-room\vtr-backend\src\test\resources
[INFO] 
[INFO] --- compiler:3.10.1:testCompile (default-testCompile) @ your-project-name ---
[INFO] Changes detected - recompiling the module!
[INFO] Compiling 3 source files to E:\新的\源代码\virtual-teaching-room\vtr-backend\target\test-classes
[INFO] /E:/新的/源代码/virtual-teaching-room/vtr-backend/src/test/java/com/vtr/service/KimiAiServiceRegressionTest.java: E:\新的\源代码\virtual-teaching-room\vtr-backend\src\test\java\com\vtr\service\KimiAiServiceRegressionTest.java使用了未经检查或不安全的操作。
[INFO] /E:/新的/源代码/virtual-teaching-room/vtr-backend/src/test/java/com/vtr/service/KimiAiServiceRegressionTest.java: 有关详细信息, 请使用 -Xlint:unchecked 重新编译。
[INFO] 
[INFO] <<< spring-boot:2.7.18:run (default-cli) < test-compile @ your-project-name <<<
[INFO] 
[INFO] 
[INFO] --- spring-boot:2.7.18:run (default-cli) @ your-project-name ---
[INFO] Attaching agents: []

  .   ____          _            __ _ _
 /\\ / ___'_ __ _ _(_)_ __  __ _ \ \ \ \
( ( )\___ | '_ | '_| | '_ \/ _` | \ \ \ \
 \\/  ___)| |_)| | | | | || (_| |  ) ) ) )
  '  |____| .__|_| |_|_| |_\__, | / / / /
 =========|_|==============|___/=/_/_/_/
 :: Spring Boot ::               (v2.7.18)

2026-09-05 20:21:13 [main] INFO  com.vtr.VtrBackendApplication - Starting VtrBackendApplication using Java 17.0.11 on Rabbit2 with PID 33968 (E:\新的\源代码\virtual-teaching-room\vtr-backend\target\classes started by hxrzy in E:\新的\源代码\virtual-teaching-room\vtr-backend)
2026-09-05 20:21:13 [main] DEBUG com.vtr.VtrBackendApplication - Running with Spring Boot v2.7.18, Spring v5.3.31
2026-09-05 20:21:13 [main] INFO  com.vtr.VtrBackendApplication - The following 1 profile is active: "dev"
2026-09-05 20:21:14 [main] INFO  o.s.d.r.c.RepositoryConfigurationDelegate - Multiple Spring Data modules found, entering strict repository configuration mode
2026-09-05 20:21:14 [main] INFO  o.s.d.r.c.RepositoryConfigurationDelegate - Bootstrapping Spring Data JPA repositories in DEFAULT mode.
2026-09-05 20:21:14 [main] INFO  o.s.d.r.c.RepositoryConfigurationDelegate - Finished Spring Data repository scanning in 226 ms. Found 46 JPA repository interfaces.
2026-09-05 20:21:14 [main] INFO  o.s.d.r.c.RepositoryConfigurationDelegate - Multiple Spring Data modules found, entering strict repository configuration mode
2026-09-05 20:21:14 [main] INFO  o.s.d.r.c.RepositoryConfigurationDelegate - Bootstrapping Spring Data Redis repositories in DEFAULT mode.
2026-09-05 20:21:14 [main] INFO  o.s.d.r.c.RepositoryConfigurationExtensionSupport - Spring Data Redis - Could not safely identify store assignment for repository candidate interface com.vtr.repository.AcademicClassRepository; If you want this repository to be a Redis repository, consider annotating your entities with one of these annotations: org.springframework.data.redis.core.RedisHash (preferred), or consider extending one of the following types with your repository: org.springframework.data.keyvalue.repository.KeyValueRepository
2026-09-05 20:21:14 [main] INFO  o.s.d.r.c.RepositoryConfigurationExtensionSupport - Spring Data Redis - Could not safely identify store assignment for repository candidate interface com.vtr.repository.AcademicClassStudentRosterRepository; If you want this repository to be a Redis repository, consider annotating your entities with one of these annotations: org.springframework.data.redis.core.RedisHash (preferred), or consider extending one of the following types with your repository: org.springframework.data.keyvalue.repository.KeyValueRepository
2026-09-05 20:21:14 [main] INFO  o.s.d.r.c.RepositoryConfigurationExtensionSupport - Spring Data Redis - Could not safely identify store assignment for repository candidate interface com.vtr.repository.ActivityAttachmentRepository; If you want this repository to be a Redis repository, consider annotating your entities with one of these annotations: org.springframework.data.redis.core.RedisHash (preferred), or consider extending one of the following types with your repository: org.springframework.data.keyvalue.repository.KeyValueRepository
2026-09-05 20:21:14 [main] INFO  o.s.d.r.c.RepositoryConfigurationExtensionSupport - Spring Data Redis - Could not safely identify store assignment for repository candidate interface com.vtr.repository.ActivityDiscussionLikeRepository; If you want this repository to be a Redis repository, consider annotating your entities with one of these annotations: org.springframework.data.redis.core.RedisHash (preferred), or consider extending one of the following types with your repository: org.springframework.data.keyvalue.repository.KeyValueRepository
2026-09-05 20:21:14 [main] INFO  o.s.d.r.c.RepositoryConfigurationExtensionSupport - Spring Data Redis - Could not safely identify store assignment for repository candidate interface com.vtr.repository.ActivityDiscussionRepository; If you want this repository to be a Redis repository, consider annotating your entities with one of these annotations: org.springframework.data.redis.core.RedisHash (preferred), or consider extending one of the following types with your repository: org.springframework.data.keyvalue.repository.KeyValueRepository
2026-09-05 20:21:14 [main] INFO  o.s.d.r.c.RepositoryConfigurationExtensionSupport - Spring Data Redis - Could not safely identify store assignment for repository candidate interface com.vtr.repository.ActivityOutcomeRepository; If you want this repository to be a Redis repository, consider annotating your entities with one of these annotations: org.springframework.data.redis.core.RedisHash (preferred), or consider extending one of the following types with your repository: org.springframework.data.keyvalue.repository.KeyValueRepository
2026-09-05 20:21:14 [main] INFO  o.s.d.r.c.RepositoryConfigurationExtensionSupport - Spring Data Redis - Could not safely identify store assignment for repository candidate interface com.vtr.repository.ActivityParticipantRepository; If you want this repository to be a Redis repository, consider annotating your entities with one of these annotations: org.springframework.data.redis.core.RedisHash (preferred), or consider extending one of the following types with your repository: org.springframework.data.keyvalue.repository.KeyValueRepository
2026-09-05 20:21:14 [main] INFO  o.s.d.r.c.RepositoryConfigurationExtensionSupport - Spring Data Redis - Could not safely identify store assignment for repository candidate interface com.vtr.repository.AdminSchoolAccessRepository; If you want this repository to be a Redis repository, consider annotating your entities with one of these annotations: org.springframework.data.redis.core.RedisHash (preferred), or consider extending one of the following types with your repository: org.springframework.data.keyvalue.repository.KeyValueRepository
2026-09-05 20:21:14 [main] INFO  o.s.d.r.c.RepositoryConfigurationExtensionSupport - Spring Data Redis - Could not safely identify store assignment for repository candidate interface com.vtr.repository.AiAgentArtifactRepository; If you want this repository to be a Redis repository, consider annotating your entities with one of these annotations: org.springframework.data.redis.core.RedisHash (preferred), or consider extending one of the following types with your repository: org.springframework.data.keyvalue.repository.KeyValueRepository
2026-09-05 20:21:14 [main] INFO  o.s.d.r.c.RepositoryConfigurationExtensionSupport - Spring Data Redis - Could not safely identify store assignment for repository candidate interface com.vtr.repository.AiConversationRepository; If you want this repository to be a Redis repository, consider annotating your entities with one of these annotations: org.springframework.data.redis.core.RedisHash (preferred), or consider extending one of the following types with your repository: org.springframework.data.keyvalue.repository.KeyValueRepository
2026-09-05 20:21:14 [main] INFO  o.s.d.r.c.RepositoryConfigurationExtensionSupport - Spring Data Redis - Could not safely identify store assignment for repository candidate interface com.vtr.repository.AiDocumentChunkRepository; If you want this repository to be a Redis repository, consider annotating your entities with one of these annotations: org.springframework.data.redis.core.RedisHash (preferred), or consider extending one of the following types with your repository: org.springframework.data.keyvalue.repository.KeyValueRepository
2026-09-05 20:21:14 [main] INFO  o.s.d.r.c.RepositoryConfigurationExtensionSupport - Spring Data Redis - Could not safely identify store assignment for repository candidate interface com.vtr.repository.AiDocumentRepository; If you want this repository to be a Redis repository, consider annotating your entities with one of these annotations: org.springframework.data.redis.core.RedisHash (preferred), or consider extending one of the following types with your repository: org.springframework.data.keyvalue.repository.KeyValueRepository
2026-09-05 20:21:14 [main] INFO  o.s.d.r.c.RepositoryConfigurationExtensionSupport - Spring Data Redis - Could not safely identify store assignment for repository candidate interface com.vtr.repository.AiFeedbackRepository; If you want this repository to be a Redis repository, consider annotating your entities with one of these annotations: org.springframework.data.redis.core.RedisHash (preferred), or consider extending one of the following types with your repository: org.springframework.data.keyvalue.repository.KeyValueRepository
2026-09-05 20:21:14 [main] INFO  o.s.d.r.c.RepositoryConfigurationExtensionSupport - Spring Data Redis - Could not safely identify store assignment for repository candidate interface com.vtr.repository.AssignmentRepository; If you want this repository to be a Redis repository, consider annotating your entities with one of these annotations: org.springframework.data.redis.core.RedisHash (preferred), or consider extending one of the following types with your repository: org.springframework.data.keyvalue.repository.KeyValueRepository
2026-09-05 20:21:14 [main] INFO  o.s.d.r.c.RepositoryConfigurationExtensionSupport - Spring Data Redis - Could not safely identify store assignment for repository candidate interface com.vtr.repository.AssignmentStudentVisibilityRepository; If you want this repository to be a Redis repository, consider annotating your entities with one of these annotations: org.springframework.data.redis.core.RedisHash (preferred), or consider extending one of the following types with your repository: org.springframework.data.keyvalue.repository.KeyValueRepository
2026-09-05 20:21:14 [main] INFO  o.s.d.r.c.RepositoryConfigurationExtensionSupport - Spring Data Redis - Could not safely identify store assignment for repository candidate interface com.vtr.repository.CarouselRepository; If you want this repository to be a Redis repository, consider annotating your entities with one of these annotations: org.springframework.data.redis.core.RedisHash (preferred), or consider extending one of the following types with your repository: org.springframework.data.keyvalue.repository.KeyValueRepository
2026-09-05 20:21:14 [main] INFO  o.s.d.r.c.RepositoryConfigurationExtensionSupport - Spring Data Redis - Could not safely identify store assignment for repository candidate interface com.vtr.repository.ChapterQuizQuestionRepository; If you want this repository to be a Redis repository, consider annotating your entities with one of these annotations: org.springframework.data.redis.core.RedisHash (preferred), or consider extending one of the following types with your repository: org.springframework.data.keyvalue.repository.KeyValueRepository
2026-09-05 20:21:14 [main] INFO  o.s.d.r.c.RepositoryConfigurationExtensionSupport - Spring Data Redis - Could not safely identify store assignment for repository candidate interface com.vtr.repository.ChapterQuizRepository; If you want this repository to be a Redis repository, consider annotating your entities with one of these annotations: org.springframework.data.redis.core.RedisHash (preferred), or consider extending one of the following types with your repository: org.springframework.data.keyvalue.repository.KeyValueRepository
2026-09-05 20:21:14 [main] INFO  o.s.d.r.c.RepositoryConfigurationExtensionSupport - Spring Data Redis - Could not safely identify store assignment for repository candidate interface com.vtr.repository.ClassroomRepository; If you want this repository to be a Redis repository, consider annotating your entities with one of these annotations: org.springframework.data.redis.core.RedisHash (preferred), or consider extending one of the following types with your repository: org.springframework.data.keyvalue.repository.KeyValueRepository
2026-09-05 20:21:14 [main] INFO  o.s.d.r.c.RepositoryConfigurationExtensionSupport - Spring Data Redis - Could not safely identify store assignment for repository candidate interface com.vtr.repository.ClassroomStudentRelationRepository; If you want this repository to be a Redis repository, consider annotating your entities with one of these annotations: org.springframework.data.redis.core.RedisHash (preferred), or consider extending one of the following types with your repository: org.springframework.data.keyvalue.repository.KeyValueRepository
2026-09-05 20:21:14 [main] INFO  o.s.d.r.c.RepositoryConfigurationExtensionSupport - Spring Data Redis - Could not safely identify store assignment for repository candidate interface com.vtr.repository.CodeSnippetRepository; If you want this repository to be a Redis repository, consider annotating your entities with one of these annotations: org.springframework.data.redis.core.RedisHash (preferred), or consider extending one of the following types with your repository: org.springframework.data.keyvalue.repository.KeyValueRepository
2026-09-05 20:21:14 [main] INFO  o.s.d.r.c.RepositoryConfigurationExtensionSupport - Spring Data Redis - Could not safely identify store assignment for repository candidate interface com.vtr.repository.ContentAuditRepository; If you want this repository to be a Redis repository, consider annotating your entities with one of these annotations: org.springframework.data.redis.core.RedisHash (preferred), or consider extending one of the following types with your repository: org.springframework.data.keyvalue.repository.KeyValueRepository
2026-09-05 20:21:14 [main] INFO  o.s.d.r.c.RepositoryConfigurationExtensionSupport - Spring Data Redis - Could not safely identify store assignment for repository candidate interface com.vtr.repository.CourseChapterRepository; If you want this repository to be a Redis repository, consider annotating your entities with one of these annotations: org.springframework.data.redis.core.RedisHash (preferred), or consider extending one of the following types with your repository: org.springframework.data.keyvalue.repository.KeyValueRepository
2026-09-05 20:21:14 [main] INFO  o.s.d.r.c.RepositoryConfigurationExtensionSupport - Spring Data Redis - Could not safely identify store assignment for repository candidate interface com.vtr.repository.CourseMemberRepository; If you want this repository to be a Redis repository, consider annotating your entities with one of these annotations: org.springframework.data.redis.core.RedisHash (preferred), or consider extending one of the following types with your repository: org.springframework.data.keyvalue.repository.KeyValueRepository
2026-09-05 20:21:14 [main] INFO  o.s.d.r.c.RepositoryConfigurationExtensionSupport - Spring Data Redis - Could not safely identify store assignment for repository candidate interface com.vtr.repository.CourseRepository; If you want this repository to be a Redis repository, consider annotating your entities with one of these annotations: org.springframework.data.redis.core.RedisHash (preferred), or consider extending one of the following types with your repository: org.springframework.data.keyvalue.repository.KeyValueRepository
2026-09-05 20:21:14 [main] INFO  o.s.d.r.c.RepositoryConfigurationExtensionSupport - Spring Data Redis - Could not safely identify store assignment for repository candidate interface com.vtr.repository.CourseSectionRepository; If you want this repository to be a Redis repository, consider annotating your entities with one of these annotations: org.springframework.data.redis.core.RedisHash (preferred), or consider extending one of the following types with your repository: org.springframework.data.keyvalue.repository.KeyValueRepository
2026-09-05 20:21:14 [main] INFO  o.s.d.r.c.RepositoryConfigurationExtensionSupport - Spring Data Redis - Could not safely identify store assignment for repository candidate interface com.vtr.repository.CoursewareRepository; If you want this repository to be a Redis repository, consider annotating your entities with one of these annotations: org.springframework.data.redis.core.RedisHash (preferred), or consider extending one of the following types with your repository: org.springframework.data.keyvalue.repository.KeyValueRepository
2026-09-05 20:21:14 [main] INFO  o.s.d.r.c.RepositoryConfigurationExtensionSupport - Spring Data Redis - Could not safely identify store assignment for repository candidate interface com.vtr.repository.ForumCommentRepository; If you want this repository to be a Redis repository, consider annotating your entities with one of these annotations: org.springframework.data.redis.core.RedisHash (preferred), or consider extending one of the following types with your repository: org.springframework.data.keyvalue.repository.KeyValueRepository
2026-09-05 20:21:14 [main] INFO  o.s.d.r.c.RepositoryConfigurationExtensionSupport - Spring Data Redis - Could not safely identify store assignment for repository candidate interface com.vtr.repository.ForumPostLikeRepository; If you want this repository to be a Redis repository, consider annotating your entities with one of these annotations: org.springframework.data.redis.core.RedisHash (preferred), or consider extending one of the following types with your repository: org.springframework.data.keyvalue.repository.KeyValueRepository
2026-09-05 20:21:14 [main] INFO  o.s.d.r.c.RepositoryConfigurationExtensionSupport - Spring Data Redis - Could not safely identify store assignment for repository candidate interface com.vtr.repository.ForumPostRepository; If you want this repository to be a Redis repository, consider annotating your entities with one of these annotations: org.springframework.data.redis.core.RedisHash (preferred), or consider extending one of the following types with your repository: org.springframework.data.keyvalue.repository.KeyValueRepository
2026-09-05 20:21:14 [main] INFO  o.s.d.r.c.RepositoryConfigurationExtensionSupport - Spring Data Redis - Could not safely identify store assignment for repository candidate interface com.vtr.repository.LearningQuestionRepository; If you want this repository to be a Redis repository, consider annotating your entities with one of these annotations: org.springframework.data.redis.core.RedisHash (preferred), or consider extending one of the following types with your repository: org.springframework.data.keyvalue.repository.KeyValueRepository
2026-09-05 20:21:14 [main] INFO  o.s.d.r.c.RepositoryConfigurationExtensionSupport - Spring Data Redis - Could not safely identify store assignment for repository candidate interface com.vtr.repository.NoticeAttachmentRepository; If you want this repository to be a Redis repository, consider annotating your entities with one of these annotations: org.springframework.data.redis.core.RedisHash (preferred), or consider extending one of the following types with your repository: org.springframework.data.keyvalue.repository.KeyValueRepository
2026-09-05 20:21:14 [main] INFO  o.s.d.r.c.RepositoryConfigurationExtensionSupport - Spring Data Redis - Could not safely identify store assignment for repository candidate interface com.vtr.repository.NoticeRepository; If you want this repository to be a Redis repository, consider annotating your entities with one of these annotations: org.springframework.data.redis.core.RedisHash (preferred), or consider extending one of the following types with your repository: org.springframework.data.keyvalue.repository.KeyValueRepository
2026-09-05 20:21:14 [main] INFO  o.s.d.r.c.RepositoryConfigurationExtensionSupport - Spring Data Redis - Could not safely identify store assignment for repository candidate interface com.vtr.repository.NotificationRepository; If you want this repository to be a Redis repository, consider annotating your entities with one of these annotations: org.springframework.data.redis.core.RedisHash (preferred), or consider extending one of the following types with your repository: org.springframework.data.keyvalue.repository.KeyValueRepository
2026-09-05 20:21:14 [main] INFO  o.s.d.r.c.RepositoryConfigurationExtensionSupport - Spring Data Redis - Could not safely identify store assignment for repository candidate interface com.vtr.repository.QuestionAttemptRepository; If you want this repository to be a Redis repository, consider annotating your entities with one of these annotations: org.springframework.data.redis.core.RedisHash (preferred), or consider extending one of the following types with your repository: org.springframework.data.keyvalue.repository.KeyValueRepository
2026-09-05 20:21:14 [main] INFO  o.s.d.r.c.RepositoryConfigurationExtensionSupport - Spring Data Redis - Could not safely identify store assignment for repository candidate interface com.vtr.repository.QuestionFavoriteRepository; If you want this repository to be a Redis repository, consider annotating your entities with one of these annotations: org.springframework.data.redis.core.RedisHash (preferred), or consider extending one of the following types with your repository: org.springframework.data.keyvalue.repository.KeyValueRepository
2026-09-05 20:21:14 [main] INFO  o.s.d.r.c.RepositoryConfigurationExtensionSupport - Spring Data Redis - Could not safely identify store assignment for repository candidate interface com.vtr.repository.QuizAnswerRepository; If you want this repository to be a Redis repository, consider annotating your entities with one of these annotations: org.springframework.data.redis.core.RedisHash (preferred), or consider extending one of the following types with your repository: org.springframework.data.keyvalue.repository.KeyValueRepository
2026-09-05 20:21:14 [main] INFO  o.s.d.r.c.RepositoryConfigurationExtensionSupport - Spring Data Redis - Could not safely identify store assignment for repository candidate interface com.vtr.repository.QuizAttemptRepository; If you want this repository to be a Redis repository, consider annotating your entities with one of these annotations: org.springframework.data.redis.core.RedisHash (preferred), or consider extending one of the following types with your repository: org.springframework.data.keyvalue.repository.KeyValueRepository
2026-09-05 20:21:14 [main] INFO  o.s.d.r.c.RepositoryConfigurationExtensionSupport - Spring Data Redis - Could not safely identify store assignment for repository candidate interface com.vtr.repository.ResearchTaskContributionRepository; If you want this repository to be a Redis repository, consider annotating your entities with one of these annotations: org.springframework.data.redis.core.RedisHash (preferred), or consider extending one of the following types with your repository: org.springframework.data.keyvalue.repository.KeyValueRepository
2026-09-05 20:21:14 [main] INFO  o.s.d.r.c.RepositoryConfigurationExtensionSupport - Spring Data Redis - Could not safely identify store assignment for repository candidate interface com.vtr.repository.ResearchTaskRepository; If you want this repository to be a Redis repository, consider annotating your entities with one of these annotations: org.springframework.data.redis.core.RedisHash (preferred), or consider extending one of the following types with your repository: org.springframework.data.keyvalue.repository.KeyValueRepository
2026-09-05 20:21:14 [main] INFO  o.s.d.r.c.RepositoryConfigurationExtensionSupport - Spring Data Redis - Could not safely identify store assignment for repository candidate interface com.vtr.repository.SchoolRepository; If you want this repository to be a Redis repository, consider annotating your entities with one of these annotations: org.springframework.data.redis.core.RedisHash (preferred), or consider extending one of the following types with your repository: org.springframework.data.keyvalue.repository.KeyValueRepository
2026-09-05 20:21:14 [main] INFO  o.s.d.r.c.RepositoryConfigurationExtensionSupport - Spring Data Redis - Could not safely identify store assignment for repository candidate interface com.vtr.repository.SubmissionRepository; If you want this repository to be a Redis repository, consider annotating your entities with one of these annotations: org.springframework.data.redis.core.RedisHash (preferred), or consider extending one of the following types with your repository: org.springframework.data.keyvalue.repository.KeyValueRepository
2026-09-05 20:21:14 [main] INFO  o.s.d.r.c.RepositoryConfigurationExtensionSupport - Spring Data Redis - Could not safely identify store assignment for repository candidate interface com.vtr.repository.TeachingActivityRepository; If you want this repository to be a Redis repository, consider annotating your entities with one of these annotations: org.springframework.data.redis.core.RedisHash (preferred), or consider extending one of the following types with your repository: org.springframework.data.keyvalue.repository.KeyValueRepository
2026-09-05 20:21:14 [main] INFO  o.s.d.r.c.RepositoryConfigurationExtensionSupport - Spring Data Redis - Could not safely identify store assignment for repository candidate interface com.vtr.repository.TestCaseRepository; If you want this repository to be a Redis repository, consider annotating your entities with one of these annotations: org.springframework.data.redis.core.RedisHash (preferred), or consider extending one of the following types with your repository: org.springframework.data.keyvalue.repository.KeyValueRepository
2026-09-05 20:21:14 [main] INFO  o.s.d.r.c.RepositoryConfigurationExtensionSupport - Spring Data Redis - Could not safely identify store assignment for repository candidate interface com.vtr.repository.UserRepository; If you want this repository to be a Redis repository, consider annotating your entities with one of these annotations: org.springframework.data.redis.core.RedisHash (preferred), or consider extending one of the following types with your repository: org.springframework.data.keyvalue.repository.KeyValueRepository
2026-09-05 20:21:14 [main] INFO  o.s.d.r.c.RepositoryConfigurationExtensionSupport - Spring Data Redis - Could not safely identify store assignment for repository candidate interface com.vtr.repository.VideoLearningProgressRepository; If you want this repository to be a Redis repository, consider annotating your entities with one of these annotations: org.springframework.data.redis.core.RedisHash (preferred), or consider extending one of the following types with your repository: org.springframework.data.keyvalue.repository.KeyValueRepository
2026-09-05 20:21:14 [main] INFO  o.s.d.r.c.RepositoryConfigurationDelegate - Finished Spring Data repository scanning in 36 ms. Found 0 Redis repository interfaces.
2026-09-05 20:21:23 [main] INFO  o.s.b.w.e.tomcat.TomcatWebServer - Tomcat initialized with port(s): 8080 (http)
2026-09-05 20:21:23 [main] INFO  o.a.catalina.core.StandardService - Starting service [Tomcat]
2026-09-05 20:21:23 [main] INFO  o.a.catalina.core.StandardEngine - Starting Servlet engine: [Apache Tomcat/9.0.83]
2026-09-05 20:21:23 [main] INFO  o.a.c.c.C.[Tomcat].[localhost].[/] - Initializing Spring embedded WebApplicationContext
2026-09-05 20:21:23 [main] INFO  o.s.b.w.s.c.ServletWebServerApplicationContext - Root WebApplicationContext: initialization completed in 9855 ms
2026-09-05 20:21:23 [main] DEBUG c.v.security.JwtAuthenticationFilter - Filter 'jwtAuthenticationFilter' configured for use
2026-09-05 20:21:23 [main] INFO  com.zaxxer.hikari.HikariDataSource - HikariPool-1 - Starting...
2026-09-05 20:21:23 [main] INFO  com.zaxxer.hikari.HikariDataSource - HikariPool-1 - Start completed.
2026-09-05 20:21:23 [main] INFO  o.h.jpa.internal.util.LogHelper - HHH000204: Processing PersistenceUnitInfo [name: default]
2026-09-05 20:21:23 [main] INFO  org.hibernate.Version - HHH000412: Hibernate ORM core version 5.6.15.Final
2026-09-05 20:21:23 [main] INFO  o.h.annotations.common.Version - HCANN000001: Hibernate Commons Annotations {5.1.2.Final}
2026-09-05 20:21:23 [main] INFO  org.hibernate.dialect.Dialect - HHH000400: Using dialect: org.hibernate.dialect.MySQL8Dialect
2026-09-05 20:21:25 [main] INFO  o.h.e.t.j.p.i.JtaPlatformInitiator - HHH000490: Using JtaPlatform implementation: [org.hibernate.engine.transaction.jta.platform.internal.NoJtaPlatform]
2026-09-05 20:21:25 [main] INFO  o.s.o.j.LocalContainerEntityManagerFactoryBean - Initialized JPA EntityManagerFactory for persistence unit 'default'
2026-09-05 20:21:25 [main] WARN  o.h.d.function.TemplateRenderer - HHH000174: Function template anticipated 4 arguments, but 1 arguments encountered
2026-09-05 20:21:25 [main] WARN  o.h.d.function.TemplateRenderer - HHH000174: Function template anticipated 4 arguments, but 1 arguments encountered
2026-09-05 20:21:25 [main] DEBUG o.s.s.a.p.PrePostAnnotationSecurityMetadataSource - @org.springframework.security.access.prepost.PreAuthorize("hasAnyRole(\'ADMIN\',\'SUPER_ADMIN\')") found on specific method: public com.vtr.common.Result com.vtr.controller.AcademicClassController.update(java.lang.Long,com.vtr.dto.AcademicClassUpsertDTO)
2026-09-05 20:21:26 [main] DEBUG o.s.s.a.m.DelegatingMethodSecurityMetadataSource - Caching method [CacheKey[com.vtr.controller.AcademicClassController; public com.vtr.common.Result com.vtr.controller.AcademicClassController.update(java.lang.Long,com.vtr.dto.AcademicClassUpsertDTO)]] with attributes [[authorize: 'hasAnyRole('ADMIN','SUPER_ADMIN')', filter: 'null', filterTarget: 'null']]
2026-09-05 20:21:26 [main] DEBUG o.s.s.a.p.PrePostAnnotationSecurityMetadataSource - @org.springframework.security.access.prepost.PreAuthorize("hasAnyRole(\'TEACHER\',\'ADMIN\',\'SUPER_ADMIN\')") found on specific method: public com.vtr.common.Result com.vtr.controller.AcademicClassController.list(java.lang.Integer,java.lang.Integer,java.lang.String,java.lang.String,java.lang.Long)
2026-09-05 20:21:26 [main] DEBUG o.s.s.a.m.DelegatingMethodSecurityMetadataSource - Caching method [CacheKey[com.vtr.controller.AcademicClassController; public com.vtr.common.Result com.vtr.controller.AcademicClassController.list(java.lang.Integer,java.lang.Integer,java.lang.String,java.lang.String,java.lang.Long)]] with attributes [[authorize: 'hasAnyRole('TEACHER','ADMIN','SUPER_ADMIN')', filter: 'null', filterTarget: 'null']]
2026-09-05 20:21:26 [main] DEBUG o.s.s.a.p.PrePostAnnotationSecurityMetadataSource - @org.springframework.security.access.prepost.PreAuthorize("hasAnyRole(\'ADMIN\',\'SUPER_ADMIN\')") found on specific method: public com.vtr.common.Result com.vtr.controller.AcademicClassController.archive(java.lang.Long)
2026-09-05 20:21:26 [main] DEBUG o.s.s.a.m.DelegatingMethodSecurityMetadataSource - Caching method [CacheKey[com.vtr.controller.AcademicClassController; public com.vtr.common.Result com.vtr.controller.AcademicClassController.archive(java.lang.Long)]] with attributes [[authorize: 'hasAnyRole('ADMIN','SUPER_ADMIN')', filter: 'null', filterTarget: 'null']]
2026-09-05 20:21:26 [main] DEBUG o.s.s.a.p.PrePostAnnotationSecurityMetadataSource - @org.springframework.security.access.prepost.PreAuthorize("hasAnyRole(\'ADMIN\',\'SUPER_ADMIN\')") found on specific method: public com.vtr.common.Result com.vtr.controller.AcademicClassController.create(com.vtr.dto.AcademicClassUpsertDTO)
2026-09-05 20:21:26 [main] DEBUG o.s.s.a.m.DelegatingMethodSecurityMetadataSource - Caching method [CacheKey[com.vtr.controller.AcademicClassController; public com.vtr.common.Result com.vtr.controller.AcademicClassController.create(com.vtr.dto.AcademicClassUpsertDTO)]] with attributes [[authorize: 'hasAnyRole('ADMIN','SUPER_ADMIN')', filter: 'null', filterTarget: 'null']]
2026-09-05 20:21:26 [main] DEBUG o.s.s.a.p.PrePostAnnotationSecurityMetadataSource - @org.springframework.security.access.prepost.PreAuthorize("hasAnyRole(\'ADMIN\',\'SUPER_ADMIN\')") found on specific method: public com.vtr.common.Result com.vtr.controller.AcademicClassController.batch(java.lang.Long,com.vtr.dto.AcademicClassBatchAssignDTO)
2026-09-05 20:21:26 [main] DEBUG o.s.s.a.m.DelegatingMethodSecurityMetadataSource - Caching method [CacheKey[com.vtr.controller.AcademicClassController; public com.vtr.common.Result com.vtr.controller.AcademicClassController.batch(java.lang.Long,com.vtr.dto.AcademicClassBatchAssignDTO)]] with attributes [[authorize: 'hasAnyRole('ADMIN','SUPER_ADMIN')', filter: 'null', filterTarget: 'null']]
2026-09-05 20:21:26 [main] DEBUG o.s.s.a.p.PrePostAnnotationSecurityMetadataSource - @org.springframework.security.access.prepost.PreAuthorize("hasAnyRole(\'ADMIN\',\'SUPER_ADMIN\')") found on specific method: public com.vtr.common.Result com.vtr.controller.AcademicClassController.restore(java.lang.Long)
2026-09-05 20:21:26 [main] DEBUG o.s.s.a.m.DelegatingMethodSecurityMetadataSource - Caching method [CacheKey[com.vtr.controller.AcademicClassController; public com.vtr.common.Result com.vtr.controller.AcademicClassController.restore(java.lang.Long)]] with attributes [[authorize: 'hasAnyRole('ADMIN','SUPER_ADMIN')', filter: 'null', filterTarget: 'null']]
2026-09-05 20:21:26 [main] DEBUG o.s.s.a.p.PrePostAnnotationSecurityMetadataSource - @org.springframework.security.access.prepost.PreAuthorize("hasAnyRole(\'ADMIN\',\'SUPER_ADMIN\')") found on specific method: public com.vtr.common.Result com.vtr.controller.AcademicClassController.assign(java.lang.Long,com.vtr.dto.AcademicClassAssignDTO)
2026-09-05 20:21:26 [main] DEBUG o.s.s.a.m.DelegatingMethodSecurityMetadataSource - Caching method [CacheKey[com.vtr.controller.AcademicClassController; public com.vtr.common.Result com.vtr.controller.AcademicClassController.assign(java.lang.Long,com.vtr.dto.AcademicClassAssignDTO)]] with attributes [[authorize: 'hasAnyRole('ADMIN','SUPER_ADMIN')', filter: 'null', filterTarget: 'null']]
2026-09-05 20:21:26 [main] DEBUG o.s.s.a.p.PrePostAnnotationSecurityMetadataSource - @org.springframework.security.access.prepost.PreAuthorize("hasAnyRole(\'TEACHER\',\'ADMIN\',\'SUPER_ADMIN\')") found on specific method: public com.vtr.common.Result com.vtr.controller.AcademicClassController.students(java.lang.Long)
2026-09-05 20:21:26 [main] DEBUG o.s.s.a.m.DelegatingMethodSecurityMetadataSource - Caching method [CacheKey[com.vtr.controller.AcademicClassController; public com.vtr.common.Result com.vtr.controller.AcademicClassController.students(java.lang.Long)]] with attributes [[authorize: 'hasAnyRole('TEACHER','ADMIN','SUPER_ADMIN')', filter: 'null', filterTarget: 'null']]
2026-09-05 20:21:26 [main] DEBUG o.s.s.a.p.PrePostAnnotationSecurityMetadataSource - @org.springframework.security.access.prepost.PreAuthorize("hasAnyRole(\'ADMIN\',\'SUPER_ADMIN\')") found on specific method: public com.vtr.common.Result com.vtr.controller.AcademicClassController.removeRoster(java.lang.Long,java.lang.Long)
2026-09-05 20:21:26 [main] DEBUG o.s.s.a.m.DelegatingMethodSecurityMetadataSource - Caching method [CacheKey[com.vtr.controller.AcademicClassController; public com.vtr.common.Result com.vtr.controller.AcademicClassController.removeRoster(java.lang.Long,java.lang.Long)]] with attributes [[authorize: 'hasAnyRole('ADMIN','SUPER_ADMIN')', filter: 'null', filterTarget: 'null']]
2026-09-05 20:21:26 [main] DEBUG o.s.s.a.p.PrePostAnnotationSecurityMetadataSource - @org.springframework.security.access.prepost.PreAuthorize("hasAnyRole(\'ADMIN\',\'SUPER_ADMIN\')") found on specific method: public com.vtr.common.Result com.vtr.controller.AcademicClassController.removeStudent(java.lang.Long,java.lang.Long)
2026-09-05 20:21:26 [main] DEBUG o.s.s.a.m.DelegatingMethodSecurityMetadataSource - Caching method [CacheKey[com.vtr.controller.AcademicClassController; public com.vtr.common.Result com.vtr.controller.AcademicClassController.removeStudent(java.lang.Long,java.lang.Long)]] with attributes [[authorize: 'hasAnyRole('ADMIN','SUPER_ADMIN')', filter: 'null', filterTarget: 'null']]
2026-09-05 20:21:26 [main] DEBUG o.s.s.a.p.PrePostAnnotationSecurityMetadataSource - @org.springframework.security.access.prepost.PreAuthorize("isAuthenticated()") found on specific method: public com.vtr.common.Result com.vtr.controller.ActivityOutcomeController.list(java.lang.Long)
2026-09-05 20:21:26 [main] DEBUG o.s.s.a.m.DelegatingMethodSecurityMetadataSource - Caching method [CacheKey[com.vtr.controller.ActivityOutcomeController; public com.vtr.common.Result com.vtr.controller.ActivityOutcomeController.list(java.lang.Long)]] with attributes [[authorize: 'isAuthenticated()', filter: 'null', filterTarget: 'null']]
2026-09-05 20:21:26 [main] DEBUG o.s.s.a.p.PrePostAnnotationSecurityMetadataSource - @org.springframework.security.access.prepost.PreAuthorize("hasAnyRole(\'TEACHER\',\'ADMIN\',\'SUPER_ADMIN\')") found on specific method: public com.vtr.common.Result com.vtr.controller.ActivityOutcomeController.complete(java.lang.Long)
2026-09-05 20:21:26 [main] DEBUG o.s.s.a.m.DelegatingMethodSecurityMetadataSource - Caching method [CacheKey[com.vtr.controller.ActivityOutcomeController; public com.vtr.common.Result com.vtr.controller.ActivityOutcomeController.complete(java.lang.Long)]] with attributes [[authorize: 'hasAnyRole('TEACHER','ADMIN','SUPER_ADMIN')', filter: 'null', filterTarget: 'null']]
2026-09-05 20:21:26 [main] DEBUG o.s.s.a.p.PrePostAnnotationSecurityMetadataSource - @org.springframework.security.access.prepost.PreAuthorize("hasAnyRole(\'TEACHER\',\'ADMIN\',\'SUPER_ADMIN\')") found on specific method: public com.vtr.common.Result com.vtr.controller.ActivityOutcomeController.submit(java.lang.Long,com.vtr.controller.ActivityOutcomeController$OutcomeRequest)
2026-09-05 20:21:26 [main] DEBUG o.s.s.a.m.DelegatingMethodSecurityMetadataSource - Caching method [CacheKey[com.vtr.controller.ActivityOutcomeController; public com.vtr.common.Result com.vtr.controller.ActivityOutcomeController.submit(java.lang.Long,com.vtr.controller.ActivityOutcomeController$OutcomeRequest)]] with attributes [[authorize: 'hasAnyRole('TEACHER','ADMIN','SUPER_ADMIN')', filter: 'null', filterTarget: 'null']]
2026-09-05 20:21:26 [main] DEBUG o.s.s.a.p.PrePostAnnotationSecurityMetadataSource - @org.springframework.security.access.prepost.PreAuthorize("hasAnyRole(\'TEACHER\',\'ADMIN\',\'SUPER_ADMIN\')") found on specific method: public com.vtr.common.Result com.vtr.controller.ActivityOutcomeController.deleteAttachment(java.lang.Long,java.lang.Long)
2026-09-05 20:21:26 [main] DEBUG o.s.s.a.m.DelegatingMethodSecurityMetadataSource - Caching method [CacheKey[com.vtr.controller.ActivityOutcomeController; public com.vtr.common.Result com.vtr.controller.ActivityOutcomeController.deleteAttachment(java.lang.Long,java.lang.Long)]] with attributes [[authorize: 'hasAnyRole('TEACHER','ADMIN','SUPER_ADMIN')', filter: 'null', filterTarget: 'null']]
2026-09-05 20:21:26 [main] DEBUG o.s.s.a.p.PrePostAnnotationSecurityMetadataSource - @org.springframework.security.access.prepost.PreAuthorize("hasAnyRole(\'TEACHER\',\'ADMIN\',\'SUPER_ADMIN\')") found on specific method: public com.vtr.common.Result com.vtr.controller.ActivityOutcomeController.review(java.lang.Long,java.lang.Long,com.vtr.controller.ActivityOutcomeController$ReviewRequest)
2026-09-05 20:21:26 [main] DEBUG o.s.s.a.m.DelegatingMethodSecurityMetadataSource - Caching method [CacheKey[com.vtr.controller.ActivityOutcomeController; public com.vtr.common.Result com.vtr.controller.ActivityOutcomeController.review(java.lang.Long,java.lang.Long,com.vtr.controller.ActivityOutcomeController$ReviewRequest)]] with attributes [[authorize: 'hasAnyRole('TEACHER','ADMIN','SUPER_ADMIN')', filter: 'null', filterTarget: 'null']]
2026-09-05 20:21:26 [main] DEBUG o.s.s.a.p.PrePostAnnotationSecurityMetadataSource - @org.springframework.security.access.prepost.PreAuthorize("isAuthenticated()") found on specific method: public com.vtr.common.Result com.vtr.controller.ActivityOutcomeController.attachments(java.lang.Long)
2026-09-05 20:21:26 [main] DEBUG o.s.s.a.m.DelegatingMethodSecurityMetadataSource - Caching method [CacheKey[com.vtr.controller.ActivityOutcomeController; public com.vtr.common.Result com.vtr.controller.ActivityOutcomeController.attachments(java.lang.Long)]] with attributes [[authorize: 'isAuthenticated()', filter: 'null', filterTarget: 'null']]
2026-09-05 20:21:26 [main] DEBUG o.s.s.a.p.PrePostAnnotationSecurityMetadataSource - @org.springframework.security.access.prepost.PreAuthorize("hasAnyRole(\'TEACHER\',\'ADMIN\',\'SUPER_ADMIN\')") found on specific method: public com.vtr.common.Result com.vtr.controller.ActivityOutcomeController.addAttachment(java.lang.Long,com.vtr.controller.ActivityOutcomeController$AttachmentRequest)
2026-09-05 20:21:26 [main] DEBUG o.s.s.a.m.DelegatingMethodSecurityMetadataSource - Caching method [CacheKey[com.vtr.controller.ActivityOutcomeController; public com.vtr.common.Result com.vtr.controller.ActivityOutcomeController.addAttachment(java.lang.Long,com.vtr.controller.ActivityOutcomeController$AttachmentRequest)]] with attributes [[authorize: 'hasAnyRole('TEACHER','ADMIN','SUPER_ADMIN')', filter: 'null', filterTarget: 'null']]
2026-09-05 20:21:26 [main] DEBUG o.s.s.a.p.PrePostAnnotationSecurityMetadataSource - @org.springframework.security.access.prepost.PreAuthorize("hasRole(\'ADMIN\') or hasRole(\'SUPER_ADMIN\')") found on specific method: public com.vtr.common.Result com.vtr.controller.AdminController.getPendingSnippets(com.vtr.dto.PageQueryDTO)
2026-09-05 20:21:26 [main] DEBUG o.s.s.a.m.DelegatingMethodSecurityMetadataSource - Caching method [CacheKey[com.vtr.controller.AdminController; public com.vtr.common.Result com.vtr.controller.AdminController.getPendingSnippets(com.vtr.dto.PageQueryDTO)]] with attributes [[authorize: 'hasRole('ADMIN') or hasRole('SUPER_ADMIN')', filter: 'null', filterTarget: 'null']]
2026-09-05 20:21:26 [main] DEBUG o.s.s.a.p.PrePostAnnotationSecurityMetadataSource - @org.springframework.security.access.prepost.PreAuthorize("hasRole(\'ADMIN\') or hasRole(\'SUPER_ADMIN\')") found on specific method: public com.vtr.common.Result com.vtr.controller.AdminController.reviewSnippet(java.lang.Long,java.lang.String,java.lang.String)
2026-09-05 20:21:26 [main] DEBUG o.s.s.a.m.DelegatingMethodSecurityMetadataSource - Caching method [CacheKey[com.vtr.controller.AdminController; public com.vtr.common.Result com.vtr.controller.AdminController.reviewSnippet(java.lang.Long,java.lang.String,java.lang.String)]] with attributes [[authorize: 'hasRole('ADMIN') or hasRole('SUPER_ADMIN')', filter: 'null', filterTarget: 'null']]
2026-09-05 20:21:26 [main] DEBUG o.s.s.a.p.PrePostAnnotationSecurityMetadataSource - @org.springframework.security.access.prepost.PreAuthorize("hasRole(\'ADMIN\') or hasRole(\'SUPER_ADMIN\')") found on specific method: public com.vtr.common.Result com.vtr.controller.AdminController.getPendingContent(com.vtr.dto.PageQueryDTO)
2026-09-05 20:21:26 [main] DEBUG o.s.s.a.m.DelegatingMethodSecurityMetadataSource - Caching method [CacheKey[com.vtr.controller.AdminController; public com.vtr.common.Result com.vtr.controller.AdminController.getPendingContent(com.vtr.dto.PageQueryDTO)]] with attributes [[authorize: 'hasRole('ADMIN') or hasRole('SUPER_ADMIN')', filter: 'null', filterTarget: 'null']]
2026-09-05 20:21:26 [main] DEBUG o.s.s.a.p.PrePostAnnotationSecurityMetadataSource - @org.springframework.security.access.prepost.PreAuthorize("hasRole(\'ADMIN\') or hasRole(\'SUPER_ADMIN\')") found on specific method: public com.vtr.common.Result com.vtr.controller.AdminController.reviewContent(java.lang.Long,com.vtr.dto.ContentAuditDTO)
2026-09-05 20:21:26 [main] DEBUG o.s.s.a.m.DelegatingMethodSecurityMetadataSource - Caching method [CacheKey[com.vtr.controller.AdminController; public com.vtr.common.Result com.vtr.controller.AdminController.reviewContent(java.lang.Long,com.vtr.dto.ContentAuditDTO)]] with attributes [[authorize: 'hasRole('ADMIN') or hasRole('SUPER_ADMIN')', filter: 'null', filterTarget: 'null']]
2026-09-05 20:21:26 [main] DEBUG o.s.s.a.p.PrePostAnnotationSecurityMetadataSource - @org.springframework.security.access.prepost.PreAuthorize("hasRole(\'ADMIN\') or hasRole(\'SUPER_ADMIN\')") found on specific method: public com.vtr.common.Result com.vtr.controller.AdminController.getDashboardData()
2026-09-05 20:21:26 [main] DEBUG o.s.s.a.m.DelegatingMethodSecurityMetadataSource - Caching method [CacheKey[com.vtr.controller.AdminController; public com.vtr.common.Result com.vtr.controller.AdminController.getDashboardData()]] with attributes [[authorize: 'hasRole('ADMIN') or hasRole('SUPER_ADMIN')', filter: 'null', filterTarget: 'null']]
2026-09-05 20:21:26 [main] DEBUG o.s.s.a.p.PrePostAnnotationSecurityMetadataSource - @org.springframework.security.access.prepost.PreAuthorize("hasRole(\'ADMIN\') or hasRole(\'SUPER_ADMIN\')") found on specific method: public com.vtr.common.Result com.vtr.controller.AdminController.getRejectedSnippets(com.vtr.dto.PageQueryDTO)
2026-09-05 20:21:26 [main] DEBUG o.s.s.a.m.DelegatingMethodSecurityMetadataSource - Caching method [CacheKey[com.vtr.controller.AdminController; public com.vtr.common.Result com.vtr.controller.AdminController.getRejectedSnippets(com.vtr.dto.PageQueryDTO)]] with attributes [[authorize: 'hasRole('ADMIN') or hasRole('SUPER_ADMIN')', filter: 'null', filterTarget: 'null']]
2026-09-05 20:21:26 [main] DEBUG o.s.s.a.p.PrePostAnnotationSecurityMetadataSource - @org.springframework.security.access.prepost.PreAuthorize("hasRole(\'ADMIN\') or hasRole(\'SUPER_ADMIN\')") found on specific method: public com.vtr.common.Result com.vtr.controller.AdminController.getApprovedSnippets(com.vtr.dto.PageQueryDTO)
2026-09-05 20:21:26 [main] DEBUG o.s.s.a.m.DelegatingMethodSecurityMetadataSource - Caching method [CacheKey[com.vtr.controller.AdminController; public com.vtr.common.Result com.vtr.controller.AdminController.getApprovedSnippets(com.vtr.dto.PageQueryDTO)]] with attributes [[authorize: 'hasRole('ADMIN') or hasRole('SUPER_ADMIN')', filter: 'null', filterTarget: 'null']]
2026-09-05 20:21:26 [main] DEBUG o.s.s.a.p.PrePostAnnotationSecurityMetadataSource - @org.springframework.security.access.prepost.PreAuthorize("hasAnyRole(\'ADMIN\',\'SUPER_ADMIN\')") found on specific method: public com.vtr.common.Result com.vtr.controller.AdminScopeController.update(java.lang.Long,com.vtr.dto.AdminScopeUpdateDTO)
2026-09-05 20:21:26 [main] DEBUG o.s.s.a.m.DelegatingMethodSecurityMetadataSource - Caching method [CacheKey[com.vtr.controller.AdminScopeController; public com.vtr.common.Result com.vtr.controller.AdminScopeController.update(java.lang.Long,com.vtr.dto.AdminScopeUpdateDTO)]] with attributes [[authorize: 'hasAnyRole('ADMIN','SUPER_ADMIN')', filter: 'null', filterTarget: 'null']]
2026-09-05 20:21:26 [main] DEBUG o.s.s.a.p.PrePostAnnotationSecurityMetadataSource - @org.springframework.security.access.prepost.PreAuthorize("hasAnyRole(\'ADMIN\',\'SUPER_ADMIN\')") found on specific method: public com.vtr.common.Result com.vtr.controller.AdminScopeController.managedSchools()
2026-09-05 20:21:26 [main] DEBUG o.s.s.a.m.DelegatingMethodSecurityMetadataSource - Caching method [CacheKey[com.vtr.controller.AdminScopeController; public com.vtr.common.Result com.vtr.controller.AdminScopeController.managedSchools()]] with attributes [[authorize: 'hasAnyRole('ADMIN','SUPER_ADMIN')', filter: 'null', filterTarget: 'null']]
2026-09-05 20:21:26 [main] DEBUG o.s.s.a.p.PrePostAnnotationSecurityMetadataSource - @org.springframework.security.access.prepost.PreAuthorize("hasAnyRole(\'ADMIN\',\'SUPER_ADMIN\')") found on specific method: public com.vtr.common.Result com.vtr.controller.AdminScopeController.admins()
2026-09-05 20:21:26 [main] DEBUG o.s.s.a.m.DelegatingMethodSecurityMetadataSource - Caching method [CacheKey[com.vtr.controller.AdminScopeController; public com.vtr.common.Result com.vtr.controller.AdminScopeController.admins()]] with attributes [[authorize: 'hasAnyRole('ADMIN','SUPER_ADMIN')', filter: 'null', filterTarget: 'null']]
2026-09-05 20:21:26 [main] WARN  o.h.d.function.TemplateRenderer - HHH000174: Function template anticipated 4 arguments, but 1 arguments encountered
2026-09-05 20:21:26 [main] WARN  o.h.d.function.TemplateRenderer - HHH000174: Function template anticipated 4 arguments, but 1 arguments encountered
2026-09-05 20:21:26 [main] DEBUG o.s.s.a.p.PrePostAnnotationSecurityMetadataSource - @org.springframework.security.access.prepost.PreAuthorize("isAuthenticated()") found on specific method: public com.vtr.common.Result com.vtr.controller.AiAssistantController.media(org.springframework.web.multipart.MultipartFile,java.lang.String,java.lang.String,java.lang.String,java.lang.String,java.lang.String,java.lang.Long,java.lang.Long,java.lang.String,java.lang.String)
2026-09-05 20:21:26 [main] DEBUG o.s.s.a.m.DelegatingMethodSecurityMetadataSource - Caching method [CacheKey[com.vtr.controller.AiAssistantController; public com.vtr.common.Result com.vtr.controller.AiAssistantController.media(org.springframework.web.multipart.MultipartFile,java.lang.String,java.lang.String,java.lang.String,java.lang.String,java.lang.String,java.lang.Long,java.lang.Long,java.lang.String,java.lang.String)]] with attributes [[authorize: 'isAuthenticated()', filter: 'null', filterTarget: 'null']]
2026-09-05 20:21:26 [main] DEBUG o.s.s.a.p.PrePostAnnotationSecurityMetadataSource - @org.springframework.security.access.prepost.PreAuthorize("isAuthenticated()") found on specific method: public com.vtr.common.Result com.vtr.controller.AiAssistantController.document(org.springframework.web.multipart.MultipartFile,java.lang.String,java.lang.String,java.lang.String,java.lang.String,java.lang.String,java.lang.Long,java.lang.Long,java.lang.String,java.lang.String,java.lang.String)
2026-09-05 20:21:26 [main] DEBUG o.s.s.a.m.DelegatingMethodSecurityMetadataSource - Caching method [CacheKey[com.vtr.controller.AiAssistantController; public com.vtr.common.Result com.vtr.controller.AiAssistantController.document(org.springframework.web.multipart.MultipartFile,java.lang.String,java.lang.String,java.lang.String,java.lang.String,java.lang.String,java.lang.Long,java.lang.Long,java.lang.String,java.lang.String,java.lang.String)]] with attributes [[authorize: 'isAuthenticated()', filter: 'null', filterTarget: 'null']]
2026-09-05 20:21:26 [main] DEBUG o.s.s.a.p.PrePostAnnotationSecurityMetadataSource - @org.springframework.security.access.prepost.PreAuthorize("isAuthenticated()") found on specific method: public com.vtr.common.Result com.vtr.controller.AiAssistantController.chat(com.vtr.dto.AiChatRequest)
2026-09-05 20:21:26 [main] DEBUG o.s.s.a.m.DelegatingMethodSecurityMetadataSource - Caching method [CacheKey[com.vtr.controller.AiAssistantController; public com.vtr.common.Result com.vtr.controller.AiAssistantController.chat(com.vtr.dto.AiChatRequest)]] with attributes [[authorize: 'isAuthenticated()', filter: 'null', filterTarget: 'null']]
2026-09-05 20:21:26 [main] DEBUG o.s.s.a.p.PrePostAnnotationSecurityMetadataSource - @org.springframework.security.access.prepost.PreAuthorize("isAuthenticated()") found on specific method: public com.vtr.common.Result com.vtr.controller.AiAssistantController.webSearchCapability()
2026-09-05 20:21:26 [main] DEBUG o.s.s.a.m.DelegatingMethodSecurityMetadataSource - Caching method [CacheKey[com.vtr.controller.AiAssistantController; public com.vtr.common.Result com.vtr.controller.AiAssistantController.webSearchCapability()]] with attributes [[authorize: 'isAuthenticated()', filter: 'null', filterTarget: 'null']]
2026-09-05 20:21:26 [main] DEBUG o.s.s.a.p.PrePostAnnotationSecurityMetadataSource - @org.springframework.security.access.prepost.PreAuthorize("isAuthenticated()") found on specific method: public com.vtr.common.Result com.vtr.controller.AiAssistantController.feedback(com.vtr.dto.AiFeedbackRequest)
2026-09-05 20:21:26 [main] DEBUG o.s.s.a.m.DelegatingMethodSecurityMetadataSource - Caching method [CacheKey[com.vtr.controller.AiAssistantController; public com.vtr.common.Result com.vtr.controller.AiAssistantController.feedback(com.vtr.dto.AiFeedbackRequest)]] with attributes [[authorize: 'isAuthenticated()', filter: 'null', filterTarget: 'null']]
2026-09-05 20:21:26 [main] DEBUG o.s.s.a.p.PrePostAnnotationSecurityMetadataSource - @org.springframework.security.access.prepost.PreAuthorize("isAuthenticated()") found on specific method: public com.vtr.common.Result com.vtr.controller.AiAssistantController.agent(com.vtr.dto.AiChatRequest)
2026-09-05 20:21:26 [main] DEBUG o.s.s.a.m.DelegatingMethodSecurityMetadataSource - Caching method [CacheKey[com.vtr.controller.AiAssistantController; public com.vtr.common.Result com.vtr.controller.AiAssistantController.agent(com.vtr.dto.AiChatRequest)]] with attributes [[authorize: 'isAuthenticated()', filter: 'null', filterTarget: 'null']]
2026-09-05 20:21:26 [main] DEBUG o.s.s.a.p.PrePostAnnotationSecurityMetadataSource - @org.springframework.security.access.prepost.PreAuthorize("isAuthenticated()") found on specific method: public com.vtr.common.Result com.vtr.controller.AiAssistantController.webSearch(com.vtr.dto.WebSearchRequest)
2026-09-05 20:21:26 [main] DEBUG o.s.s.a.m.DelegatingMethodSecurityMetadataSource - Caching method [CacheKey[com.vtr.controller.AiAssistantController; public com.vtr.common.Result com.vtr.controller.AiAssistantController.webSearch(com.vtr.dto.WebSearchRequest)]] with attributes [[authorize: 'isAuthenticated()', filter: 'null', filterTarget: 'null']]
2026-09-05 20:21:26 [main] DEBUG o.s.s.a.p.PrePostAnnotationSecurityMetadataSource - @org.springframework.security.access.prepost.PreAuthorize("isAuthenticated()") found on specific method: public com.vtr.common.Result com.vtr.controller.AiCourseResourceController.list(java.lang.Long)
2026-09-05 20:21:26 [main] DEBUG o.s.s.a.m.DelegatingMethodSecurityMetadataSource - Caching method [CacheKey[com.vtr.controller.AiCourseResourceController; public com.vtr.common.Result com.vtr.controller.AiCourseResourceController.list(java.lang.Long)]] with attributes [[authorize: 'isAuthenticated()', filter: 'null', filterTarget: 'null']]
2026-09-05 20:21:26 [main] DEBUG o.s.s.a.p.PrePostAnnotationSecurityMetadataSource - @org.springframework.security.access.prepost.PreAuthorize("isAuthenticated()") found on specific method: public org.springframework.http.ResponseEntity com.vtr.controller.AiCourseResourceController.file(java.lang.Long)
2026-09-05 20:21:26 [main] DEBUG o.s.s.a.m.DelegatingMethodSecurityMetadataSource - Caching method [CacheKey[com.vtr.controller.AiCourseResourceController; public org.springframework.http.ResponseEntity com.vtr.controller.AiCourseResourceController.file(java.lang.Long)]] with attributes [[authorize: 'isAuthenticated()', filter: 'null', filterTarget: 'null']]
2026-09-05 20:21:26 [main] DEBUG o.s.s.a.p.PrePostAnnotationSecurityMetadataSource - @org.springframework.security.access.prepost.PreAuthorize("isAuthenticated()") found on specific method: public com.vtr.common.Result com.vtr.controller.AiCourseResourceController.review(java.lang.Long,java.lang.String,java.lang.String)
2026-09-05 20:21:26 [main] DEBUG o.s.s.a.m.DelegatingMethodSecurityMetadataSource - Caching method [CacheKey[com.vtr.controller.AiCourseResourceController; public com.vtr.common.Result com.vtr.controller.AiCourseResourceController.review(java.lang.Long,java.lang.String,java.lang.String)]] with attributes [[authorize: 'isAuthenticated()', filter: 'null', filterTarget: 'null']]
2026-09-05 20:21:26 [main] DEBUG o.s.s.a.p.PrePostAnnotationSecurityMetadataSource - @org.springframework.security.access.prepost.PreAuthorize("isAuthenticated()") found on specific method: public com.vtr.common.Result com.vtr.controller.AiCourseResourceController.upload(org.springframework.web.multipart.MultipartFile,java.lang.Long,java.lang.String,java.lang.String,java.lang.String,java.lang.String,java.lang.String,java.lang.String,java.lang.String)
2026-09-05 20:21:26 [main] DEBUG o.s.s.a.m.DelegatingMethodSecurityMetadataSource - Caching method [CacheKey[com.vtr.controller.AiCourseResourceController; public com.vtr.common.Result com.vtr.controller.AiCourseResourceController.upload(org.springframework.web.multipart.MultipartFile,java.lang.Long,java.lang.String,java.lang.String,java.lang.String,java.lang.String,java.lang.String,java.lang.String,java.lang.String)]] with attributes [[authorize: 'isAuthenticated()', filter: 'null', filterTarget: 'null']]
2026-09-05 20:21:26 [main] DEBUG o.s.s.a.p.PrePostAnnotationSecurityMetadataSource - @org.springframework.security.access.prepost.PreAuthorize("isAuthenticated()") found on specific method: public com.vtr.common.Result com.vtr.controller.AiTeachingAgentController.list(java.lang.Long)
2026-09-05 20:21:26 [main] DEBUG o.s.s.a.m.DelegatingMethodSecurityMetadataSource - Caching method [CacheKey[com.vtr.controller.AiTeachingAgentController; public com.vtr.common.Result com.vtr.controller.AiTeachingAgentController.list(java.lang.Long)]] with attributes [[authorize: 'isAuthenticated()', filter: 'null', filterTarget: 'null']]
2026-09-05 20:21:26 [main] DEBUG o.s.s.a.p.PrePostAnnotationSecurityMetadataSource - @org.springframework.security.access.prepost.PreAuthorize("isAuthenticated()") found on specific method: public com.vtr.common.Result com.vtr.controller.AiTeachingAgentController.execute(com.vtr.dto.AiChatRequest)
2026-09-05 20:21:26 [main] DEBUG o.s.s.a.m.DelegatingMethodSecurityMetadataSource - Caching method [CacheKey[com.vtr.controller.AiTeachingAgentController; public com.vtr.common.Result com.vtr.controller.AiTeachingAgentController.execute(com.vtr.dto.AiChatRequest)]] with attributes [[authorize: 'isAuthenticated()', filter: 'null', filterTarget: 'null']]
2026-09-05 20:21:26 [main] DEBUG o.s.s.a.p.PrePostAnnotationSecurityMetadataSource - @org.springframework.security.access.prepost.PreAuthorize("isAuthenticated()") found on specific method: public com.vtr.common.Result com.vtr.controller.AiTeachingAgentController.review(java.lang.Long,java.lang.String,java.lang.String)
2026-09-05 20:21:26 [main] DEBUG o.s.s.a.m.DelegatingMethodSecurityMetadataSource - Caching method [CacheKey[com.vtr.controller.AiTeachingAgentController; public com.vtr.common.Result com.vtr.controller.AiTeachingAgentController.review(java.lang.Long,java.lang.String,java.lang.String)]] with attributes [[authorize: 'isAuthenticated()', filter: 'null', filterTarget: 'null']]
2026-09-05 20:21:26 [main] DEBUG o.s.s.a.p.PrePostAnnotationSecurityMetadataSource - @org.springframework.security.access.prepost.PreAuthorize("hasAnyRole(\'TEACHER\', \'ADMIN\', \'SUPER_ADMIN\')") found on specific method: public com.vtr.common.Result com.vtr.controller.AssignmentController.update(java.lang.Long,com.vtr.dto.AssignmentUpdateDTO)
2026-09-05 20:21:26 [main] DEBUG o.s.s.a.m.DelegatingMethodSecurityMetadataSource - Caching method [CacheKey[com.vtr.controller.AssignmentController; public com.vtr.common.Result com.vtr.controller.AssignmentController.update(java.lang.Long,com.vtr.dto.AssignmentUpdateDTO)]] with attributes [[authorize: 'hasAnyRole('TEACHER', 'ADMIN', 'SUPER_ADMIN')', filter: 'null', filterTarget: 'null']]
2026-09-05 20:21:26 [main] DEBUG o.s.s.a.p.PrePostAnnotationSecurityMetadataSource - @org.springframework.security.access.prepost.PreAuthorize("hasAnyRole(\'TEACHER\', \'ADMIN\', \'SUPER_ADMIN\')") found on specific method: public com.vtr.common.Result com.vtr.controller.AssignmentController.delete(java.lang.Long)
2026-09-05 20:21:26 [main] DEBUG o.s.s.a.m.DelegatingMethodSecurityMetadataSource - Caching method [CacheKey[com.vtr.controller.AssignmentController; public com.vtr.common.Result com.vtr.controller.AssignmentController.delete(java.lang.Long)]] with attributes [[authorize: 'hasAnyRole('TEACHER', 'ADMIN', 'SUPER_ADMIN')', filter: 'null', filterTarget: 'null']]
2026-09-05 20:21:26 [main] DEBUG o.s.s.a.p.PrePostAnnotationSecurityMetadataSource - @org.springframework.security.access.prepost.PreAuthorize("hasAnyRole(\'TEACHER\', \'ADMIN\', \'SUPER_ADMIN\')") found on specific method: public com.vtr.common.Result com.vtr.controller.AssignmentController.close(java.lang.Long)
2026-09-05 20:21:26 [main] DEBUG o.s.s.a.m.DelegatingMethodSecurityMetadataSource - Caching method [CacheKey[com.vtr.controller.AssignmentController; public com.vtr.common.Result com.vtr.controller.AssignmentController.close(java.lang.Long)]] with attributes [[authorize: 'hasAnyRole('TEACHER', 'ADMIN', 'SUPER_ADMIN')', filter: 'null', filterTarget: 'null']]
2026-09-05 20:21:26 [main] DEBUG o.s.s.a.p.PrePostAnnotationSecurityMetadataSource - @org.springframework.security.access.prepost.PreAuthorize("hasAnyRole(\'TEACHER\', \'ADMIN\', \'SUPER_ADMIN\')") found on specific method: public com.vtr.common.Result com.vtr.controller.AssignmentController.create(com.vtr.dto.AssignmentCreateDTO)
2026-09-05 20:21:26 [main] DEBUG o.s.s.a.m.DelegatingMethodSecurityMetadataSource - Caching method [CacheKey[com.vtr.controller.AssignmentController; public com.vtr.common.Result com.vtr.controller.AssignmentController.create(com.vtr.dto.AssignmentCreateDTO)]] with attributes [[authorize: 'hasAnyRole('TEACHER', 'ADMIN', 'SUPER_ADMIN')', filter: 'null', filterTarget: 'null']]
2026-09-05 20:21:26 [main] DEBUG o.s.s.a.p.PrePostAnnotationSecurityMetadataSource - @org.springframework.security.access.prepost.PreAuthorize("hasAnyRole(\'TEACHER\', \'ADMIN\', \'SUPER_ADMIN\')") found on specific method: public com.vtr.common.Result com.vtr.controller.AssignmentController.publish(java.lang.Long)
2026-09-05 20:21:26 [main] DEBUG o.s.s.a.m.DelegatingMethodSecurityMetadataSource - Caching method [CacheKey[com.vtr.controller.AssignmentController; public com.vtr.common.Result com.vtr.controller.AssignmentController.publish(java.lang.Long)]] with attributes [[authorize: 'hasAnyRole('TEACHER', 'ADMIN', 'SUPER_ADMIN')', filter: 'null', filterTarget: 'null']]
2026-09-05 20:21:26 [main] DEBUG o.s.s.a.p.PrePostAnnotationSecurityMetadataSource - @org.springframework.security.access.prepost.PreAuthorize("hasAnyRole(\'TEACHER\', \'ADMIN\', \'SUPER_ADMIN\')") found on specific method: public com.vtr.common.Result com.vtr.controller.AssignmentController.getTeacherAssignments(com.vtr.dto.AssignmentQueryDTO)
2026-09-05 20:21:26 [main] DEBUG o.s.s.a.m.DelegatingMethodSecurityMetadataSource - Caching method [CacheKey[com.vtr.controller.AssignmentController; public com.vtr.common.Result com.vtr.controller.AssignmentController.getTeacherAssignments(com.vtr.dto.AssignmentQueryDTO)]] with attributes [[authorize: 'hasAnyRole('TEACHER', 'ADMIN', 'SUPER_ADMIN')', filter: 'null', filterTarget: 'null']]
2026-09-05 20:21:26 [main] DEBUG o.s.s.a.p.PrePostAnnotationSecurityMetadataSource - @org.springframework.security.access.prepost.PreAuthorize("hasRole(\'STUDENT\')") found on specific method: public com.vtr.common.Result com.vtr.controller.AssignmentController.getStudentVisibleAssignments(com.vtr.dto.AssignmentQueryDTO)
2026-09-05 20:21:26 [main] DEBUG o.s.s.a.m.DelegatingMethodSecurityMetadataSource - Caching method [CacheKey[com.vtr.controller.AssignmentController; public com.vtr.common.Result com.vtr.controller.AssignmentController.getStudentVisibleAssignments(com.vtr.dto.AssignmentQueryDTO)]] with attributes [[authorize: 'hasRole('STUDENT')', filter: 'null', filterTarget: 'null']]
2026-09-05 20:21:26 [main] DEBUG o.s.s.a.p.PrePostAnnotationSecurityMetadataSource - @org.springframework.security.access.prepost.PreAuthorize("hasAnyRole(\'TEACHER\', \'ADMIN\', \'SUPER_ADMIN\')") found on specific method: public com.vtr.common.Result com.vtr.controller.AssignmentController.getTeachingAssignments()
2026-09-05 20:21:26 [main] DEBUG o.s.s.a.m.DelegatingMethodSecurityMetadataSource - Caching method [CacheKey[com.vtr.controller.AssignmentController; public com.vtr.common.Result com.vtr.controller.AssignmentController.getTeachingAssignments()]] with attributes [[authorize: 'hasAnyRole('TEACHER', 'ADMIN', 'SUPER_ADMIN')', filter: 'null', filterTarget: 'null']]
2026-09-05 20:21:26 [main] DEBUG o.s.s.a.p.PrePostAnnotationSecurityMetadataSource - @org.springframework.security.access.prepost.PreAuthorize("hasAnyRole(\'TEACHER\', \'ADMIN\', \'SUPER_ADMIN\')") found on specific method: public com.vtr.common.Result com.vtr.controller.AssignmentController.publishToStudents(java.lang.Long,java.util.List)
2026-09-05 20:21:26 [main] DEBUG o.s.s.a.m.DelegatingMethodSecurityMetadataSource - Caching method [CacheKey[com.vtr.controller.AssignmentController; public com.vtr.common.Result com.vtr.controller.AssignmentController.publishToStudents(java.lang.Long,java.util.List)]] with attributes [[authorize: 'hasAnyRole('TEACHER', 'ADMIN', 'SUPER_ADMIN')', filter: 'null', filterTarget: 'null']]
2026-09-05 20:21:26 [main] DEBUG o.s.s.a.p.PrePostAnnotationSecurityMetadataSource - @org.springframework.security.access.prepost.PreAuthorize("hasAnyRole(\'TEACHER\', \'ADMIN\', \'SUPER_ADMIN\')") found on specific method: public com.vtr.common.Result com.vtr.controller.AssignmentController.getAllTestCases(java.lang.Long)
2026-09-05 20:21:26 [main] DEBUG o.s.s.a.m.DelegatingMethodSecurityMetadataSource - Caching method [CacheKey[com.vtr.controller.AssignmentController; public com.vtr.common.Result com.vtr.controller.AssignmentController.getAllTestCases(java.lang.Long)]] with attributes [[authorize: 'hasAnyRole('TEACHER', 'ADMIN', 'SUPER_ADMIN')', filter: 'null', filterTarget: 'null']]
2026-09-05 20:21:26 [main] DEBUG o.s.s.a.p.PrePostAnnotationSecurityMetadataSource - @org.springframework.security.access.prepost.PreAuthorize("hasRole(\'STUDENT\')") found on specific method: public com.vtr.common.Result com.vtr.controller.AssignmentController.getMyAssignments()
2026-09-05 20:21:26 [main] DEBUG o.s.s.a.m.DelegatingMethodSecurityMetadataSource - Caching method [CacheKey[com.vtr.controller.AssignmentController; public com.vtr.common.Result com.vtr.controller.AssignmentController.getMyAssignments()]] with attributes [[authorize: 'hasRole('STUDENT')', filter: 'null', filterTarget: 'null']]
2026-09-05 20:21:26 [main] DEBUG o.s.s.a.p.PrePostAnnotationSecurityMetadataSource - @org.springframework.security.access.prepost.PreAuthorize("hasAnyRole(\'TEACHER\', \'ADMIN\', \'SUPER_ADMIN\')") found on specific method: public com.vtr.common.Result com.vtr.controller.AssignmentController.reopen(java.lang.Long)
2026-09-05 20:21:26 [main] DEBUG o.s.s.a.m.DelegatingMethodSecurityMetadataSource - Caching method [CacheKey[com.vtr.controller.AssignmentController; public com.vtr.common.Result com.vtr.controller.AssignmentController.reopen(java.lang.Long)]] with attributes [[authorize: 'hasAnyRole('TEACHER', 'ADMIN', 'SUPER_ADMIN')', filter: 'null', filterTarget: 'null']]
2026-09-05 20:21:26 [main] DEBUG o.s.s.a.p.PrePostAnnotationSecurityMetadataSource - @org.springframework.security.access.prepost.PreAuthorize("hasRole(\'STUDENT\')") found on specific method: public com.vtr.common.Result com.vtr.controller.AssignmentController.canStudentView(java.lang.Long)
2026-09-05 20:21:26 [main] DEBUG o.s.s.a.m.DelegatingMethodSecurityMetadataSource - Caching method [CacheKey[com.vtr.controller.AssignmentController; public com.vtr.common.Result com.vtr.controller.AssignmentController.canStudentView(java.lang.Long)]] with attributes [[authorize: 'hasRole('STUDENT')', filter: 'null', filterTarget: 'null']]
2026-09-05 20:21:26 [main] DEBUG o.s.s.a.p.PrePostAnnotationSecurityMetadataSource - @org.springframework.security.access.prepost.PreAuthorize("hasAnyRole(\'ADMIN\', \'SUPER_ADMIN\')") found on specific method: public com.vtr.common.Result com.vtr.controller.CarouselController.activate(java.lang.Long)
2026-09-05 20:21:26 [main] DEBUG o.s.s.a.m.DelegatingMethodSecurityMetadataSource - Caching method [CacheKey[com.vtr.controller.CarouselController; public com.vtr.common.Result com.vtr.controller.CarouselController.activate(java.lang.Long)]] with attributes [[authorize: 'hasAnyRole('ADMIN', 'SUPER_ADMIN')', filter: 'null', filterTarget: 'null']]
2026-09-05 20:21:26 [main] DEBUG o.s.s.a.p.PrePostAnnotationSecurityMetadataSource - @org.springframework.security.access.prepost.PreAuthorize("hasAnyRole(\'ADMIN\', \'SUPER_ADMIN\')") found on specific method: public com.vtr.common.Result com.vtr.controller.CarouselController.update(java.lang.Long,com.vtr.dto.CarouselCreateDTO)
2026-09-05 20:21:26 [main] DEBUG o.s.s.a.m.DelegatingMethodSecurityMetadataSource - Caching method [CacheKey[com.vtr.controller.CarouselController; public com.vtr.common.Result com.vtr.controller.CarouselController.update(java.lang.Long,com.vtr.dto.CarouselCreateDTO)]] with attributes [[authorize: 'hasAnyRole('ADMIN', 'SUPER_ADMIN')', filter: 'null', filterTarget: 'null']]
2026-09-05 20:21:26 [main] DEBUG o.s.s.a.p.PrePostAnnotationSecurityMetadataSource - @org.springframework.security.access.prepost.PreAuthorize("hasAnyRole(\'ADMIN\', \'SUPER_ADMIN\')") found on specific method: public com.vtr.common.Result com.vtr.controller.CarouselController.delete(java.lang.Long)
2026-09-05 20:21:26 [main] DEBUG o.s.s.a.m.DelegatingMethodSecurityMetadataSource - Caching method [CacheKey[com.vtr.controller.CarouselController; public com.vtr.common.Result com.vtr.controller.CarouselController.delete(java.lang.Long)]] with attributes [[authorize: 'hasAnyRole('ADMIN', 'SUPER_ADMIN')', filter: 'null', filterTarget: 'null']]
2026-09-05 20:21:26 [main] DEBUG o.s.s.a.p.PrePostAnnotationSecurityMetadataSource - @org.springframework.security.access.prepost.PreAuthorize("hasAnyRole(\'ADMIN\', \'SUPER_ADMIN\')") found on specific method: public com.vtr.common.Result com.vtr.controller.CarouselController.create(com.vtr.dto.CarouselCreateDTO)
2026-09-05 20:21:26 [main] DEBUG o.s.s.a.m.DelegatingMethodSecurityMetadataSource - Caching method [CacheKey[com.vtr.controller.CarouselController; public com.vtr.common.Result com.vtr.controller.CarouselController.create(com.vtr.dto.CarouselCreateDTO)]] with attributes [[authorize: 'hasAnyRole('ADMIN', 'SUPER_ADMIN')', filter: 'null', filterTarget: 'null']]
2026-09-05 20:21:26 [main] DEBUG o.s.s.a.p.PrePostAnnotationSecurityMetadataSource - @org.springframework.security.access.prepost.PreAuthorize("hasAnyRole(\'ADMIN\', \'SUPER_ADMIN\')") found on specific method: public com.vtr.common.Result com.vtr.controller.CarouselController.getAllCarousels()
2026-09-05 20:21:26 [main] DEBUG o.s.s.a.m.DelegatingMethodSecurityMetadataSource - Caching method [CacheKey[com.vtr.controller.CarouselController; public com.vtr.common.Result com.vtr.controller.CarouselController.getAllCarousels()]] with attributes [[authorize: 'hasAnyRole('ADMIN', 'SUPER_ADMIN')', filter: 'null', filterTarget: 'null']]
2026-09-05 20:21:26 [main] DEBUG o.s.s.a.p.PrePostAnnotationSecurityMetadataSource - @org.springframework.security.access.prepost.PreAuthorize("hasAnyRole(\'ADMIN\', \'SUPER_ADMIN\')") found on specific method: public com.vtr.common.Result com.vtr.controller.CarouselController.deactivate(java.lang.Long)
2026-09-05 20:21:26 [main] DEBUG o.s.s.a.m.DelegatingMethodSecurityMetadataSource - Caching method [CacheKey[com.vtr.controller.CarouselController; public com.vtr.common.Result com.vtr.controller.CarouselController.deactivate(java.lang.Long)]] with attributes [[authorize: 'hasAnyRole('ADMIN', 'SUPER_ADMIN')', filter: 'null', filterTarget: 'null']]
2026-09-05 20:21:26 [main] DEBUG o.s.s.a.p.PrePostAnnotationSecurityMetadataSource - @org.springframework.security.access.prepost.PreAuthorize("hasAnyRole(\'ADMIN\', \'SUPER_ADMIN\')") found on specific method: public com.vtr.common.Result com.vtr.controller.CarouselController.updateOrder(java.util.List)
2026-09-05 20:21:26 [main] DEBUG o.s.s.a.m.DelegatingMethodSecurityMetadataSource - Caching method [CacheKey[com.vtr.controller.CarouselController; public com.vtr.common.Result com.vtr.controller.CarouselController.updateOrder(java.util.List)]] with attributes [[authorize: 'hasAnyRole('ADMIN', 'SUPER_ADMIN')', filter: 'null', filterTarget: 'null']]
2026-09-05 20:21:26 [main] DEBUG o.s.s.a.p.PrePostAnnotationSecurityMetadataSource - @org.springframework.security.access.prepost.PreAuthorize("isAuthenticated()") found on specific method: public com.vtr.common.Result com.vtr.controller.ChapterQuizController.detail(java.lang.Long)
2026-09-05 20:21:26 [main] DEBUG o.s.s.a.m.DelegatingMethodSecurityMetadataSource - Caching method [CacheKey[com.vtr.controller.ChapterQuizController; public com.vtr.common.Result com.vtr.controller.ChapterQuizController.detail(java.lang.Long)]] with attributes [[authorize: 'isAuthenticated()', filter: 'null', filterTarget: 'null']]
2026-09-05 20:21:26 [main] DEBUG o.s.s.a.p.PrePostAnnotationSecurityMetadataSource - @org.springframework.security.access.prepost.PreAuthorize("hasRole(\'TEACHER\')") found on specific method: public com.vtr.common.Result com.vtr.controller.ChapterQuizController.update(java.lang.Long,java.util.Map)
2026-09-05 20:21:26 [main] DEBUG o.s.s.a.m.DelegatingMethodSecurityMetadataSource - Caching method [CacheKey[com.vtr.controller.ChapterQuizController; public com.vtr.common.Result com.vtr.controller.ChapterQuizController.update(java.lang.Long,java.util.Map)]] with attributes [[authorize: 'hasRole('TEACHER')', filter: 'null', filterTarget: 'null']]
2026-09-05 20:21:26 [main] DEBUG o.s.s.a.p.PrePostAnnotationSecurityMetadataSource - @org.springframework.security.access.prepost.PreAuthorize("hasRole(\'STUDENT\')") found on specific method: public com.vtr.common.Result com.vtr.controller.ChapterQuizController.start(java.lang.Long)
2026-09-05 20:21:26 [main] DEBUG o.s.s.a.m.DelegatingMethodSecurityMetadataSource - Caching method [CacheKey[com.vtr.controller.ChapterQuizController; public com.vtr.common.Result com.vtr.controller.ChapterQuizController.start(java.lang.Long)]] with attributes [[authorize: 'hasRole('STUDENT')', filter: 'null', filterTarget: 'null']]
2026-09-05 20:21:26 [main] DEBUG o.s.s.a.p.PrePostAnnotationSecurityMetadataSource - @org.springframework.security.access.prepost.PreAuthorize("isAuthenticated()") found on specific method: public com.vtr.common.Result com.vtr.controller.ChapterQuizController.list(java.lang.Long,java.lang.Long)
2026-09-05 20:21:26 [main] DEBUG o.s.s.a.m.DelegatingMethodSecurityMetadataSource - Caching method [CacheKey[com.vtr.controller.ChapterQuizController; public com.vtr.common.Result com.vtr.controller.ChapterQuizController.list(java.lang.Long,java.lang.Long)]] with attributes [[authorize: 'isAuthenticated()', filter: 'null', filterTarget: 'null']]
2026-09-05 20:21:26 [main] DEBUG o.s.s.a.p.PrePostAnnotationSecurityMetadataSource - @org.springframework.security.access.prepost.PreAuthorize("hasRole(\'TEACHER\')") found on specific method: public com.vtr.common.Result com.vtr.controller.ChapterQuizController.delete(java.lang.Long)
2026-09-05 20:21:26 [main] DEBUG o.s.s.a.m.DelegatingMethodSecurityMetadataSource - Caching method [CacheKey[com.vtr.controller.ChapterQuizController; public com.vtr.common.Result com.vtr.controller.ChapterQuizController.delete(java.lang.Long)]] with attributes [[authorize: 'hasRole('TEACHER')', filter: 'null', filterTarget: 'null']]
2026-09-05 20:21:26 [main] DEBUG o.s.s.a.p.PrePostAnnotationSecurityMetadataSource - @org.springframework.security.access.prepost.PreAuthorize("hasRole(\'TEACHER\')") found on specific method: public com.vtr.common.Result com.vtr.controller.ChapterQuizController.archive(java.lang.Long)
2026-09-05 20:21:26 [main] DEBUG o.s.s.a.m.DelegatingMethodSecurityMetadataSource - Caching method [CacheKey[com.vtr.controller.ChapterQuizController; public com.vtr.common.Result com.vtr.controller.ChapterQuizController.archive(java.lang.Long)]] with attributes [[authorize: 'hasRole('TEACHER')', filter: 'null', filterTarget: 'null']]
2026-09-05 20:21:26 [main] DEBUG o.s.s.a.p.PrePostAnnotationSecurityMetadataSource - @org.springframework.security.access.prepost.PreAuthorize("hasRole(\'TEACHER\')") found on specific method: public com.vtr.common.Result com.vtr.controller.ChapterQuizController.create(java.util.Map)
2026-09-05 20:21:26 [main] DEBUG o.s.s.a.m.DelegatingMethodSecurityMetadataSource - Caching method [CacheKey[com.vtr.controller.ChapterQuizController; public com.vtr.common.Result com.vtr.controller.ChapterQuizController.create(java.util.Map)]] with attributes [[authorize: 'hasRole('TEACHER')', filter: 'null', filterTarget: 'null']]
2026-09-05 20:21:26 [main] DEBUG o.s.s.a.p.PrePostAnnotationSecurityMetadataSource - @org.springframework.security.access.prepost.PreAuthorize("hasRole(\'TEACHER\')") found on specific method: public com.vtr.common.Result com.vtr.controller.ChapterQuizController.publish(java.lang.Long)
2026-09-05 20:21:26 [main] DEBUG o.s.s.a.m.DelegatingMethodSecurityMetadataSource - Caching method [CacheKey[com.vtr.controller.ChapterQuizController; public com.vtr.common.Result com.vtr.controller.ChapterQuizController.publish(java.lang.Long)]] with attributes [[authorize: 'hasRole('TEACHER')', filter: 'null', filterTarget: 'null']]
2026-09-05 20:21:26 [main] DEBUG o.s.s.a.p.PrePostAnnotationSecurityMetadataSource - @org.springframework.security.access.prepost.PreAuthorize("hasRole(\'TEACHER\')") found on specific method: public com.vtr.common.Result com.vtr.controller.ChapterQuizController.pending(java.lang.Long,java.lang.Long)
2026-09-05 20:21:26 [main] DEBUG o.s.s.a.m.DelegatingMethodSecurityMetadataSource - Caching method [CacheKey[com.vtr.controller.ChapterQuizController; public com.vtr.common.Result com.vtr.controller.ChapterQuizController.pending(java.lang.Long,java.lang.Long)]] with attributes [[authorize: 'hasRole('TEACHER')', filter: 'null', filterTarget: 'null']]
2026-09-05 20:21:26 [main] DEBUG o.s.s.a.p.PrePostAnnotationSecurityMetadataSource - @org.springframework.security.access.prepost.PreAuthorize("hasRole(\'STUDENT\')") found on specific method: public com.vtr.common.Result com.vtr.controller.ChapterQuizController.submit(java.lang.Long,java.util.Map)
2026-09-05 20:21:26 [main] DEBUG o.s.s.a.m.DelegatingMethodSecurityMetadataSource - Caching method [CacheKey[com.vtr.controller.ChapterQuizController; public com.vtr.common.Result com.vtr.controller.ChapterQuizController.submit(java.lang.Long,java.util.Map)]] with attributes [[authorize: 'hasRole('STUDENT')', filter: 'null', filterTarget: 'null']]
2026-09-05 20:21:26 [main] DEBUG o.s.s.a.p.PrePostAnnotationSecurityMetadataSource - @org.springframework.security.access.prepost.PreAuthorize("hasRole(\'STUDENT\')") found on specific method: public com.vtr.common.Result com.vtr.controller.ChapterQuizController.completedSections(java.lang.Long)
2026-09-05 20:21:26 [main] DEBUG o.s.s.a.m.DelegatingMethodSecurityMetadataSource - Caching method [CacheKey[com.vtr.controller.ChapterQuizController; public com.vtr.common.Result com.vtr.controller.ChapterQuizController.completedSections(java.lang.Long)]] with attributes [[authorize: 'hasRole('STUDENT')', filter: 'null', filterTarget: 'null']]
2026-09-05 20:21:26 [main] DEBUG o.s.s.a.p.PrePostAnnotationSecurityMetadataSource - @org.springframework.security.access.prepost.PreAuthorize("hasRole(\'TEACHER\')") found on specific method: public com.vtr.common.Result com.vtr.controller.ChapterQuizController.reviewAnswer(java.lang.Long,java.util.Map)
2026-09-05 20:21:26 [main] DEBUG o.s.s.a.m.DelegatingMethodSecurityMetadataSource - Caching method [CacheKey[com.vtr.controller.ChapterQuizController; public com.vtr.common.Result com.vtr.controller.ChapterQuizController.reviewAnswer(java.lang.Long,java.util.Map)]] with attributes [[authorize: 'hasRole('TEACHER')', filter: 'null', filterTarget: 'null']]
2026-09-05 20:21:26 [main] DEBUG o.s.s.a.p.PrePostAnnotationSecurityMetadataSource - @org.springframework.security.access.prepost.PreAuthorize("hasRole(\'STUDENT\')") found on specific method: public com.vtr.common.Result com.vtr.controller.ChapterQuizController.myAttemptDetail(java.lang.Long,java.lang.Long)
2026-09-05 20:21:26 [main] DEBUG o.s.s.a.m.DelegatingMethodSecurityMetadataSource - Caching method [CacheKey[com.vtr.controller.ChapterQuizController; public com.vtr.common.Result com.vtr.controller.ChapterQuizController.myAttemptDetail(java.lang.Long,java.lang.Long)]] with attributes [[authorize: 'hasRole('STUDENT')', filter: 'null', filterTarget: 'null']]
2026-09-05 20:21:26 [main] DEBUG o.s.s.a.p.PrePostAnnotationSecurityMetadataSource - @org.springframework.security.access.prepost.PreAuthorize("hasRole(\'STUDENT\')") found on specific method: public com.vtr.common.Result com.vtr.controller.ChapterQuizController.saveAnswers(java.lang.Long,java.util.Map)
2026-09-05 20:21:26 [main] DEBUG o.s.s.a.m.DelegatingMethodSecurityMetadataSource - Caching method [CacheKey[com.vtr.controller.ChapterQuizController; public com.vtr.common.Result com.vtr.controller.ChapterQuizController.saveAnswers(java.lang.Long,java.util.Map)]] with attributes [[authorize: 'hasRole('STUDENT')', filter: 'null', filterTarget: 'null']]
2026-09-05 20:21:26 [main] DEBUG o.s.s.a.p.PrePostAnnotationSecurityMetadataSource - @org.springframework.security.access.prepost.PreAuthorize("hasRole(\'STUDENT\')") found on specific method: public com.vtr.common.Result com.vtr.controller.ChapterQuizController.myAttempts(java.lang.Long)
2026-09-05 20:21:26 [main] DEBUG o.s.s.a.m.DelegatingMethodSecurityMetadataSource - Caching method [CacheKey[com.vtr.controller.ChapterQuizController; public com.vtr.common.Result com.vtr.controller.ChapterQuizController.myAttempts(java.lang.Long)]] with attributes [[authorize: 'hasRole('STUDENT')', filter: 'null', filterTarget: 'null']]
2026-09-05 20:21:26 [main] DEBUG o.s.s.a.p.PrePostAnnotationSecurityMetadataSource - @org.springframework.security.access.prepost.PreAuthorize("hasAnyRole(\'ADMIN\', \'SUPER_ADMIN\')") found on specific method: public com.vtr.common.Result com.vtr.controller.ClassroomController.getAllClassroomsForAdmin(java.lang.Integer,java.lang.Integer,java.lang.String,java.lang.String)
2026-09-05 20:21:26 [main] DEBUG o.s.s.a.m.DelegatingMethodSecurityMetadataSource - Caching method [CacheKey[com.vtr.controller.ClassroomController; public com.vtr.common.Result com.vtr.controller.ClassroomController.getAllClassroomsForAdmin(java.lang.Integer,java.lang.Integer,java.lang.String,java.lang.String)]] with attributes [[authorize: 'hasAnyRole('ADMIN', 'SUPER_ADMIN')', filter: 'null', filterTarget: 'null']]
2026-09-05 20:21:26 [main] DEBUG o.s.s.a.p.PrePostAnnotationSecurityMetadataSource - @org.springframework.security.access.prepost.PreAuthorize("hasAnyRole(\'ADMIN\', \'SUPER_ADMIN\')") found on specific method: public com.vtr.common.Result com.vtr.controller.ClassroomController.adminDeleteClassroom(java.lang.Long)
2026-09-05 20:21:26 [main] DEBUG o.s.s.a.m.DelegatingMethodSecurityMetadataSource - Caching method [CacheKey[com.vtr.controller.ClassroomController; public com.vtr.common.Result com.vtr.controller.ClassroomController.adminDeleteClassroom(java.lang.Long)]] with attributes [[authorize: 'hasAnyRole('ADMIN', 'SUPER_ADMIN')', filter: 'null', filterTarget: 'null']]
2026-09-05 20:21:26 [main] DEBUG o.s.s.a.p.PrePostAnnotationSecurityMetadataSource - @org.springframework.security.access.prepost.PreAuthorize("hasAnyRole(\'TEACHER\', \'ADMIN\', \'SUPER_ADMIN\')") found on specific method: public com.vtr.common.Result com.vtr.controller.ClassroomController.getStudentClassrooms(java.lang.Long)
2026-09-05 20:21:26 [main] DEBUG o.s.s.a.m.DelegatingMethodSecurityMetadataSource - Caching method [CacheKey[com.vtr.controller.ClassroomController; public com.vtr.common.Result com.vtr.controller.ClassroomController.getStudentClassrooms(java.lang.Long)]] with attributes [[authorize: 'hasAnyRole('TEACHER', 'ADMIN', 'SUPER_ADMIN')', filter: 'null', filterTarget: 'null']]
2026-09-05 20:21:26 [main] DEBUG o.s.s.a.p.PrePostAnnotationSecurityMetadataSource - @org.springframework.security.access.prepost.PreAuthorize("hasAnyRole(\'ADMIN\', \'SUPER_ADMIN\')") found on specific method: public com.vtr.common.Result com.vtr.controller.ClassroomController.assignTeacherToClassroom(java.lang.Long,com.vtr.dto.AssignTeacherDTO)
2026-09-05 20:21:26 [main] DEBUG o.s.s.a.m.DelegatingMethodSecurityMetadataSource - Caching method [CacheKey[com.vtr.controller.ClassroomController; public com.vtr.common.Result com.vtr.controller.ClassroomController.assignTeacherToClassroom(java.lang.Long,com.vtr.dto.AssignTeacherDTO)]] with attributes [[authorize: 'hasAnyRole('ADMIN', 'SUPER_ADMIN')', filter: 'null', filterTarget: 'null']]
2026-09-05 20:21:26 [main] DEBUG o.s.s.a.p.PrePostAnnotationSecurityMetadataSource - @org.springframework.security.access.prepost.PreAuthorize("hasRole(\'STUDENT\')") found on specific method: public com.vtr.common.Result com.vtr.controller.ClassroomController.getJoinedClassrooms()
2026-09-05 20:21:26 [main] DEBUG o.s.s.a.m.DelegatingMethodSecurityMetadataSource - Caching method [CacheKey[com.vtr.controller.ClassroomController; public com.vtr.common.Result com.vtr.controller.ClassroomController.getJoinedClassrooms()]] with attributes [[authorize: 'hasRole('STUDENT')', filter: 'null', filterTarget: 'null']]
2026-09-05 20:21:26 [main] DEBUG o.s.s.a.p.PrePostAnnotationSecurityMetadataSource - @org.springframework.security.access.prepost.PreAuthorize("hasAnyRole(\'TEACHER\', \'ADMIN\', \'SUPER_ADMIN\')") found on specific method: public com.vtr.common.Result com.vtr.controller.ClassroomController.addStudentsToClassroom(com.vtr.dto.AddStudentToClassroomDTO)
2026-09-05 20:21:26 [main] DEBUG o.s.s.a.m.DelegatingMethodSecurityMetadataSource - Caching method [CacheKey[com.vtr.controller.ClassroomController; public com.vtr.common.Result com.vtr.controller.ClassroomController.addStudentsToClassroom(com.vtr.dto.AddStudentToClassroomDTO)]] with attributes [[authorize: 'hasAnyRole('TEACHER', 'ADMIN', 'SUPER_ADMIN')', filter: 'null', filterTarget: 'null']]
2026-09-05 20:21:26 [main] DEBUG o.s.s.a.p.PrePostAnnotationSecurityMetadataSource - @org.springframework.security.access.prepost.PreAuthorize("hasAnyRole(\'TEACHER\', \'ADMIN\', \'SUPER_ADMIN\')") found on specific method: public com.vtr.common.Result com.vtr.controller.ClassroomController.removeStudentFromClassroom(java.lang.Long,java.lang.Long)
2026-09-05 20:21:26 [main] DEBUG o.s.s.a.m.DelegatingMethodSecurityMetadataSource - Caching method [CacheKey[com.vtr.controller.ClassroomController; public com.vtr.common.Result com.vtr.controller.ClassroomController.removeStudentFromClassroom(java.lang.Long,java.lang.Long)]] with attributes [[authorize: 'hasAnyRole('TEACHER', 'ADMIN', 'SUPER_ADMIN')', filter: 'null', filterTarget: 'null']]
2026-09-05 20:21:26 [main] DEBUG o.s.s.a.p.PrePostAnnotationSecurityMetadataSource - @org.springframework.security.access.prepost.PreAuthorize("hasAnyRole(\'TEACHER\', \'ADMIN\', \'SUPER_ADMIN\')") found on specific method: public com.vtr.common.Result com.vtr.controller.ClassroomController.getClassroomStudents(java.lang.Long,java.lang.Integer,java.lang.Integer,java.lang.String)
2026-09-05 20:21:26 [main] DEBUG o.s.s.a.m.DelegatingMethodSecurityMetadataSource - Caching method [CacheKey[com.vtr.controller.ClassroomController; public com.vtr.common.Result com.vtr.controller.ClassroomController.getClassroomStudents(java.lang.Long,java.lang.Integer,java.lang.Integer,java.lang.String)]] with attributes [[authorize: 'hasAnyRole('TEACHER', 'ADMIN', 'SUPER_ADMIN')', filter: 'null', filterTarget: 'null']]
2026-09-05 20:21:26 [main] DEBUG o.s.s.a.p.PrePostAnnotationSecurityMetadataSource - @org.springframework.security.access.prepost.PreAuthorize("hasAnyRole(\'TEACHER\', \'ADMIN\', \'SUPER_ADMIN\')") found on specific method: public com.vtr.common.Result com.vtr.controller.ClassroomController.deleteClassroom(java.lang.Long)
2026-09-05 20:21:26 [main] DEBUG o.s.s.a.m.DelegatingMethodSecurityMetadataSource - Caching method [CacheKey[com.vtr.controller.ClassroomController; public com.vtr.common.Result com.vtr.controller.ClassroomController.deleteClassroom(java.lang.Long)]] with attributes [[authorize: 'hasAnyRole('TEACHER', 'ADMIN', 'SUPER_ADMIN')', filter: 'null', filterTarget: 'null']]
2026-09-05 20:21:26 [main] DEBUG o.s.s.a.p.PrePostAnnotationSecurityMetadataSource - @org.springframework.security.access.prepost.PreAuthorize("hasAnyRole(\'TEACHER\', \'ADMIN\', \'SUPER_ADMIN\')") found on specific method: public com.vtr.common.Result com.vtr.controller.ClassroomController.createClassroom(com.vtr.dto.ClassroomCreateDTO)
2026-09-05 20:21:26 [main] DEBUG o.s.s.a.m.DelegatingMethodSecurityMetadataSource - Caching method [CacheKey[com.vtr.controller.ClassroomController; public com.vtr.common.Result com.vtr.controller.ClassroomController.createClassroom(com.vtr.dto.ClassroomCreateDTO)]] with attributes [[authorize: 'hasAnyRole('TEACHER', 'ADMIN', 'SUPER_ADMIN')', filter: 'null', filterTarget: 'null']]
2026-09-05 20:21:26 [main] DEBUG o.s.s.a.p.PrePostAnnotationSecurityMetadataSource - @org.springframework.security.access.prepost.PreAuthorize("hasAnyRole(\'TEACHER\', \'ADMIN\', \'SUPER_ADMIN\')") found on specific method: public com.vtr.common.Result com.vtr.controller.ClassroomController.archiveClassroom(java.lang.Long)
2026-09-05 20:21:26 [main] DEBUG o.s.s.a.m.DelegatingMethodSecurityMetadataSource - Caching method [CacheKey[com.vtr.controller.ClassroomController; public com.vtr.common.Result com.vtr.controller.ClassroomController.archiveClassroom(java.lang.Long)]] with attributes [[authorize: 'hasAnyRole('TEACHER', 'ADMIN', 'SUPER_ADMIN')', filter: 'null', filterTarget: 'null']]
2026-09-05 20:21:26 [main] DEBUG o.s.s.a.p.PrePostAnnotationSecurityMetadataSource - @org.springframework.security.access.prepost.PreAuthorize("hasAnyRole(\'TEACHER\', \'ADMIN\', \'SUPER_ADMIN\')") found on specific method: public com.vtr.common.Result com.vtr.controller.ClassroomController.updateClassroom(java.lang.Long,com.vtr.dto.ClassroomUpdateDTO)
2026-09-05 20:21:26 [main] DEBUG o.s.s.a.m.DelegatingMethodSecurityMetadataSource - Caching method [CacheKey[com.vtr.controller.ClassroomController; public com.vtr.common.Result com.vtr.controller.ClassroomController.updateClassroom(java.lang.Long,com.vtr.dto.ClassroomUpdateDTO)]] with attributes [[authorize: 'hasAnyRole('TEACHER', 'ADMIN', 'SUPER_ADMIN')', filter: 'null', filterTarget: 'null']]
2026-09-05 20:21:26 [main] DEBUG o.s.s.a.p.PrePostAnnotationSecurityMetadataSource - @org.springframework.security.access.prepost.PreAuthorize("hasRole(\'STUDENT\')") found on specific method: public com.vtr.common.Result com.vtr.controller.ClassroomController.joinClassroom(com.vtr.dto.JoinClassroomDTO)
2026-09-05 20:21:26 [main] DEBUG o.s.s.a.m.DelegatingMethodSecurityMetadataSource - Caching method [CacheKey[com.vtr.controller.ClassroomController; public com.vtr.common.Result com.vtr.controller.ClassroomController.joinClassroom(com.vtr.dto.JoinClassroomDTO)]] with attributes [[authorize: 'hasRole('STUDENT')', filter: 'null', filterTarget: 'null']]
2026-09-05 20:21:26 [main] DEBUG o.s.s.a.p.PrePostAnnotationSecurityMetadataSource - @org.springframework.security.access.prepost.PreAuthorize("hasAnyRole(\'TEACHER\', \'ADMIN\', \'SUPER_ADMIN\')") found on specific method: public com.vtr.common.Result com.vtr.controller.ClassroomController.getMyClassrooms(java.lang.Integer,java.lang.Integer,java.lang.String,java.lang.String)
2026-09-05 20:21:26 [main] DEBUG o.s.s.a.m.DelegatingMethodSecurityMetadataSource - Caching method [CacheKey[com.vtr.controller.ClassroomController; public com.vtr.common.Result com.vtr.controller.ClassroomController.getMyClassrooms(java.lang.Integer,java.lang.Integer,java.lang.String,java.lang.String)]] with attributes [[authorize: 'hasAnyRole('TEACHER', 'ADMIN', 'SUPER_ADMIN')', filter: 'null', filterTarget: 'null']]
2026-09-05 20:21:26 [main] DEBUG o.s.s.a.p.PrePostAnnotationSecurityMetadataSource - @org.springframework.security.access.prepost.PreAuthorize("hasAnyRole(\'TEACHER\', \'ADMIN\', \'SUPER_ADMIN\')") found on specific method: public com.vtr.common.Result com.vtr.controller.ClassroomController.getClassroom(java.lang.Long)
2026-09-05 20:21:26 [main] DEBUG o.s.s.a.m.DelegatingMethodSecurityMetadataSource - Caching method [CacheKey[com.vtr.controller.ClassroomController; public com.vtr.common.Result com.vtr.controller.ClassroomController.getClassroom(java.lang.Long)]] with attributes [[authorize: 'hasAnyRole('TEACHER', 'ADMIN', 'SUPER_ADMIN')', filter: 'null', filterTarget: 'null']]
2026-09-05 20:21:26 [main] DEBUG o.s.s.a.p.PrePostAnnotationSecurityMetadataSource - @org.springframework.security.access.prepost.PreAuthorize("hasAnyRole(\'TEACHER\', \'ADMIN\', \'SUPER_ADMIN\')") found on specific method: public com.vtr.common.Result com.vtr.controller.ClassroomController.restoreClassroom(java.lang.Long)
2026-09-05 20:21:26 [main] DEBUG o.s.s.a.m.DelegatingMethodSecurityMetadataSource - Caching method [CacheKey[com.vtr.controller.ClassroomController; public com.vtr.common.Result com.vtr.controller.ClassroomController.restoreClassroom(java.lang.Long)]] with attributes [[authorize: 'hasAnyRole('TEACHER', 'ADMIN', 'SUPER_ADMIN')', filter: 'null', filterTarget: 'null']]
2026-09-05 20:21:26 [main] DEBUG o.s.s.a.p.PrePostAnnotationSecurityMetadataSource - @org.springframework.security.access.prepost.PreAuthorize("isAuthenticated()") found on specific method: public com.vtr.common.Result com.vtr.controller.CodeSnippetController.update(java.lang.Long,com.vtr.dto.SnippetUpdateDTO)
2026-09-05 20:21:26 [main] DEBUG o.s.s.a.m.DelegatingMethodSecurityMetadataSource - Caching method [CacheKey[com.vtr.controller.CodeSnippetController; public com.vtr.common.Result com.vtr.controller.CodeSnippetController.update(java.lang.Long,com.vtr.dto.SnippetUpdateDTO)]] with attributes [[authorize: 'isAuthenticated()', filter: 'null', filterTarget: 'null']]
2026-09-05 20:21:26 [main] DEBUG o.s.s.a.p.PrePostAnnotationSecurityMetadataSource - @org.springframework.security.access.prepost.PreAuthorize("isAuthenticated()") found on specific method: public com.vtr.common.Result com.vtr.controller.CodeSnippetController.delete(java.lang.Long)
2026-09-05 20:21:26 [main] DEBUG o.s.s.a.m.DelegatingMethodSecurityMetadataSource - Caching method [CacheKey[com.vtr.controller.CodeSnippetController; public com.vtr.common.Result com.vtr.controller.CodeSnippetController.delete(java.lang.Long)]] with attributes [[authorize: 'isAuthenticated()', filter: 'null', filterTarget: 'null']]
2026-09-05 20:21:26 [main] DEBUG o.s.s.a.p.PrePostAnnotationSecurityMetadataSource - @org.springframework.security.access.prepost.PreAuthorize("isAuthenticated()") found on specific method: public com.vtr.common.Result com.vtr.controller.CodeSnippetController.create(com.vtr.dto.SnippetCreateDTO)
2026-09-05 20:21:26 [main] DEBUG o.s.s.a.m.DelegatingMethodSecurityMetadataSource - Caching method [CacheKey[com.vtr.controller.CodeSnippetController; public com.vtr.common.Result com.vtr.controller.CodeSnippetController.create(com.vtr.dto.SnippetCreateDTO)]] with attributes [[authorize: 'isAuthenticated()', filter: 'null', filterTarget: 'null']]
2026-09-05 20:21:26 [main] DEBUG o.s.s.a.p.PrePostAnnotationSecurityMetadataSource - @org.springframework.security.access.prepost.PreAuthorize("hasAnyRole(\'ADMIN\', \'SUPER_ADMIN\')") found on specific method: public com.vtr.common.Result com.vtr.controller.CodeSnippetController.review(java.lang.Long,com.vtr.dto.SnippetReviewDTO)
2026-09-05 20:21:26 [main] DEBUG o.s.s.a.m.DelegatingMethodSecurityMetadataSource - Caching method [CacheKey[com.vtr.controller.CodeSnippetController; public com.vtr.common.Result com.vtr.controller.CodeSnippetController.review(java.lang.Long,com.vtr.dto.SnippetReviewDTO)]] with attributes [[authorize: 'hasAnyRole('ADMIN', 'SUPER_ADMIN')', filter: 'null', filterTarget: 'null']]
2026-09-05 20:21:26 [main] DEBUG o.s.s.a.p.PrePostAnnotationSecurityMetadataSource - @org.springframework.security.access.prepost.PreAuthorize("isAuthenticated()") found on specific method: public com.vtr.common.Result com.vtr.controller.CodeSnippetController.like(java.lang.Long)
2026-09-05 20:21:26 [main] DEBUG o.s.s.a.m.DelegatingMethodSecurityMetadataSource - Caching method [CacheKey[com.vtr.controller.CodeSnippetController; public com.vtr.common.Result com.vtr.controller.CodeSnippetController.like(java.lang.Long)]] with attributes [[authorize: 'isAuthenticated()', filter: 'null', filterTarget: 'null']]
2026-09-05 20:21:26 [main] DEBUG o.s.s.a.p.PrePostAnnotationSecurityMetadataSource - @org.springframework.security.access.prepost.PreAuthorize("isAuthenticated()") found on specific method: public com.vtr.common.Result com.vtr.controller.CodeSnippetController.unlike(java.lang.Long)
2026-09-05 20:21:26 [main] DEBUG o.s.s.a.m.DelegatingMethodSecurityMetadataSource - Caching method [CacheKey[com.vtr.controller.CodeSnippetController; public com.vtr.common.Result com.vtr.controller.CodeSnippetController.unlike(java.lang.Long)]] with attributes [[authorize: 'isAuthenticated()', filter: 'null', filterTarget: 'null']]
2026-09-05 20:21:26 [main] DEBUG o.s.s.a.p.PrePostAnnotationSecurityMetadataSource - @org.springframework.security.access.prepost.PreAuthorize("isAuthenticated()") found on specific method: public com.vtr.common.Result com.vtr.controller.CodeSnippetController.getMySnippets(int,int)
2026-09-05 20:21:26 [main] DEBUG o.s.s.a.m.DelegatingMethodSecurityMetadataSource - Caching method [CacheKey[com.vtr.controller.CodeSnippetController; public com.vtr.common.Result com.vtr.controller.CodeSnippetController.getMySnippets(int,int)]] with attributes [[authorize: 'isAuthenticated()', filter: 'null', filterTarget: 'null']]
2026-09-05 20:21:27 [main] DEBUG o.s.s.a.p.PrePostAnnotationSecurityMetadataSource - @org.springframework.security.access.prepost.PreAuthorize("hasAnyRole(\'TEACHER\',\'ADMIN\',\'SUPER_ADMIN\')") found on specific method: public com.vtr.common.Result com.vtr.controller.CourseChapterController.update(java.lang.Long,java.lang.Long,com.vtr.dto.CourseChapterUpsertDTO)
2026-09-05 20:21:27 [main] DEBUG o.s.s.a.m.DelegatingMethodSecurityMetadataSource - Caching method [CacheKey[com.vtr.controller.CourseChapterController; public com.vtr.common.Result com.vtr.controller.CourseChapterController.update(java.lang.Long,java.lang.Long,com.vtr.dto.CourseChapterUpsertDTO)]] with attributes [[authorize: 'hasAnyRole('TEACHER','ADMIN','SUPER_ADMIN')', filter: 'null', filterTarget: 'null']]
2026-09-05 20:21:27 [main] DEBUG o.s.s.a.p.PrePostAnnotationSecurityMetadataSource - @org.springframework.security.access.prepost.PreAuthorize("isAuthenticated()") found on specific method: public com.vtr.common.Result com.vtr.controller.CourseChapterController.list(java.lang.Long)
2026-09-05 20:21:27 [main] DEBUG o.s.s.a.m.DelegatingMethodSecurityMetadataSource - Caching method [CacheKey[com.vtr.controller.CourseChapterController; public com.vtr.common.Result com.vtr.controller.CourseChapterController.list(java.lang.Long)]] with attributes [[authorize: 'isAuthenticated()', filter: 'null', filterTarget: 'null']]
2026-09-05 20:21:27 [main] DEBUG o.s.s.a.p.PrePostAnnotationSecurityMetadataSource - @org.springframework.security.access.prepost.PreAuthorize("hasAnyRole(\'TEACHER\',\'ADMIN\',\'SUPER_ADMIN\')") found on specific method: public com.vtr.common.Result com.vtr.controller.CourseChapterController.archive(java.lang.Long,java.lang.Long)
2026-09-05 20:21:27 [main] DEBUG o.s.s.a.m.DelegatingMethodSecurityMetadataSource - Caching method [CacheKey[com.vtr.controller.CourseChapterController; public com.vtr.common.Result com.vtr.controller.CourseChapterController.archive(java.lang.Long,java.lang.Long)]] with attributes [[authorize: 'hasAnyRole('TEACHER','ADMIN','SUPER_ADMIN')', filter: 'null', filterTarget: 'null']]
2026-09-05 20:21:27 [main] DEBUG o.s.s.a.p.PrePostAnnotationSecurityMetadataSource - @org.springframework.security.access.prepost.PreAuthorize("hasAnyRole(\'TEACHER\',\'ADMIN\',\'SUPER_ADMIN\')") found on specific method: public com.vtr.common.Result com.vtr.controller.CourseChapterController.create(java.lang.Long,com.vtr.dto.CourseChapterUpsertDTO)
2026-09-05 20:21:27 [main] DEBUG o.s.s.a.m.DelegatingMethodSecurityMetadataSource - Caching method [CacheKey[com.vtr.controller.CourseChapterController; public com.vtr.common.Result com.vtr.controller.CourseChapterController.create(java.lang.Long,com.vtr.dto.CourseChapterUpsertDTO)]] with attributes [[authorize: 'hasAnyRole('TEACHER','ADMIN','SUPER_ADMIN')', filter: 'null', filterTarget: 'null']]
2026-09-05 20:21:27 [main] DEBUG o.s.s.a.p.PrePostAnnotationSecurityMetadataSource - @org.springframework.security.access.prepost.PreAuthorize("hasAnyRole(\'TEACHER\',\'ADMIN\',\'SUPER_ADMIN\')") found on specific method: public com.vtr.common.Result com.vtr.controller.CourseChapterController.syncLegacy(java.lang.Long)
2026-09-05 20:21:27 [main] DEBUG o.s.s.a.m.DelegatingMethodSecurityMetadataSource - Caching method [CacheKey[com.vtr.controller.CourseChapterController; public com.vtr.common.Result com.vtr.controller.CourseChapterController.syncLegacy(java.lang.Long)]] with attributes [[authorize: 'hasAnyRole('TEACHER','ADMIN','SUPER_ADMIN')', filter: 'null', filterTarget: 'null']]
2026-09-05 20:21:27 [main] DEBUG o.s.s.a.p.PrePostAnnotationSecurityMetadataSource - @org.springframework.security.access.prepost.PreAuthorize("hasAnyRole(\'TEACHER\',\'ADMIN\',\'SUPER_ADMIN\')") found on specific method: public com.vtr.common.Result com.vtr.controller.CourseController.detail(java.lang.Long)
2026-09-05 20:21:27 [main] DEBUG o.s.s.a.m.DelegatingMethodSecurityMetadataSource - Caching method [CacheKey[com.vtr.controller.CourseController; public com.vtr.common.Result com.vtr.controller.CourseController.detail(java.lang.Long)]] with attributes [[authorize: 'hasAnyRole('TEACHER','ADMIN','SUPER_ADMIN')', filter: 'null', filterTarget: 'null']]
2026-09-05 20:21:27 [main] DEBUG o.s.s.a.p.PrePostAnnotationSecurityMetadataSource - @org.springframework.security.access.prepost.PreAuthorize("hasAnyRole(\'TEACHER\',\'ADMIN\',\'SUPER_ADMIN\')") found on specific method: public com.vtr.common.Result com.vtr.controller.CourseController.update(java.lang.Long,com.vtr.dto.CourseUpdateDTO)
2026-09-05 20:21:27 [main] DEBUG o.s.s.a.m.DelegatingMethodSecurityMetadataSource - Caching method [CacheKey[com.vtr.controller.CourseController; public com.vtr.common.Result com.vtr.controller.CourseController.update(java.lang.Long,com.vtr.dto.CourseUpdateDTO)]] with attributes [[authorize: 'hasAnyRole('TEACHER','ADMIN','SUPER_ADMIN')', filter: 'null', filterTarget: 'null']]
2026-09-05 20:21:27 [main] DEBUG o.s.s.a.p.PrePostAnnotationSecurityMetadataSource - @org.springframework.security.access.prepost.PreAuthorize("isAuthenticated()") found on specific method: public com.vtr.common.Result com.vtr.controller.CourseController.list()
2026-09-05 20:21:27 [main] DEBUG o.s.s.a.m.DelegatingMethodSecurityMetadataSource - Caching method [CacheKey[com.vtr.controller.CourseController; public com.vtr.common.Result com.vtr.controller.CourseController.list()]] with attributes [[authorize: 'isAuthenticated()', filter: 'null', filterTarget: 'null']]
2026-09-05 20:21:27 [main] DEBUG o.s.s.a.p.PrePostAnnotationSecurityMetadataSource - @org.springframework.security.access.prepost.PreAuthorize("hasAnyRole(\'TEACHER\',\'ADMIN\',\'SUPER_ADMIN\')") found on specific method: public com.vtr.common.Result com.vtr.controller.CourseController.members(java.lang.Long)
2026-09-05 20:21:27 [main] DEBUG o.s.s.a.m.DelegatingMethodSecurityMetadataSource - Caching method [CacheKey[com.vtr.controller.CourseController; public com.vtr.common.Result com.vtr.controller.CourseController.members(java.lang.Long)]] with attributes [[authorize: 'hasAnyRole('TEACHER','ADMIN','SUPER_ADMIN')', filter: 'null', filterTarget: 'null']]
2026-09-05 20:21:27 [main] DEBUG o.s.s.a.p.PrePostAnnotationSecurityMetadataSource - @org.springframework.security.access.prepost.PreAuthorize("hasAnyRole(\'TEACHER\',\'ADMIN\',\'SUPER_ADMIN\')") found on specific method: public com.vtr.common.Result com.vtr.controller.CourseController.archive(java.lang.Long)
2026-09-05 20:21:27 [main] DEBUG o.s.s.a.m.DelegatingMethodSecurityMetadataSource - Caching method [CacheKey[com.vtr.controller.CourseController; public com.vtr.common.Result com.vtr.controller.CourseController.archive(java.lang.Long)]] with attributes [[authorize: 'hasAnyRole('TEACHER','ADMIN','SUPER_ADMIN')', filter: 'null', filterTarget: 'null']]
2026-09-05 20:21:27 [main] DEBUG o.s.s.a.p.PrePostAnnotationSecurityMetadataSource - @org.springframework.security.access.prepost.PreAuthorize("hasAnyRole(\'TEACHER\',\'ADMIN\',\'SUPER_ADMIN\')") found on specific method: public com.vtr.common.Result com.vtr.controller.CourseController.create(com.vtr.dto.CourseCreateDTO)
2026-09-05 20:21:27 [main] DEBUG o.s.s.a.m.DelegatingMethodSecurityMetadataSource - Caching method [CacheKey[com.vtr.controller.CourseController; public com.vtr.common.Result com.vtr.controller.CourseController.create(com.vtr.dto.CourseCreateDTO)]] with attributes [[authorize: 'hasAnyRole('TEACHER','ADMIN','SUPER_ADMIN')', filter: 'null', filterTarget: 'null']]
2026-09-05 20:21:27 [main] DEBUG o.s.s.a.p.PrePostAnnotationSecurityMetadataSource - @org.springframework.security.access.prepost.PreAuthorize("hasAnyRole(\'TEACHER\',\'ADMIN\',\'SUPER_ADMIN\')") found on specific method: public com.vtr.common.Result com.vtr.controller.CourseController.restore(java.lang.Long)
2026-09-05 20:21:27 [main] DEBUG o.s.s.a.m.DelegatingMethodSecurityMetadataSource - Caching method [CacheKey[com.vtr.controller.CourseController; public com.vtr.common.Result com.vtr.controller.CourseController.restore(java.lang.Long)]] with attributes [[authorize: 'hasAnyRole('TEACHER','ADMIN','SUPER_ADMIN')', filter: 'null', filterTarget: 'null']]
2026-09-05 20:21:27 [main] DEBUG o.s.s.a.p.PrePostAnnotationSecurityMetadataSource - @org.springframework.security.access.prepost.PreAuthorize("isAuthenticated()") found on specific method: public com.vtr.common.Result com.vtr.controller.CourseController.sections(java.lang.Long)
2026-09-05 20:21:27 [main] DEBUG o.s.s.a.m.DelegatingMethodSecurityMetadataSource - Caching method [CacheKey[com.vtr.controller.CourseController; public com.vtr.common.Result com.vtr.controller.CourseController.sections(java.lang.Long)]] with attributes [[authorize: 'isAuthenticated()', filter: 'null', filterTarget: 'null']]
2026-09-05 20:21:27 [main] DEBUG o.s.s.a.p.PrePostAnnotationSecurityMetadataSource - @org.springframework.security.access.prepost.PreAuthorize("hasAnyRole(\'TEACHER\',\'ADMIN\',\'SUPER_ADMIN\')") found on specific method: public com.vtr.common.Result com.vtr.controller.CourseController.addMember(java.lang.Long,com.vtr.dto.CourseMemberUpsertDTO)
2026-09-05 20:21:27 [main] DEBUG o.s.s.a.m.DelegatingMethodSecurityMetadataSource - Caching method [CacheKey[com.vtr.controller.CourseController; public com.vtr.common.Result com.vtr.controller.CourseController.addMember(java.lang.Long,com.vtr.dto.CourseMemberUpsertDTO)]] with attributes [[authorize: 'hasAnyRole('TEACHER','ADMIN','SUPER_ADMIN')', filter: 'null', filterTarget: 'null']]
2026-09-05 20:21:27 [main] DEBUG o.s.s.a.p.PrePostAnnotationSecurityMetadataSource - @org.springframework.security.access.prepost.PreAuthorize("hasAnyRole(\'TEACHER\',\'ADMIN\',\'SUPER_ADMIN\')") found on specific method: public com.vtr.common.Result com.vtr.controller.CourseController.updateMember(java.lang.Long,java.lang.Long,com.vtr.dto.CourseMemberUpsertDTO)
2026-09-05 20:21:27 [main] DEBUG o.s.s.a.m.DelegatingMethodSecurityMetadataSource - Caching method [CacheKey[com.vtr.controller.CourseController; public com.vtr.common.Result com.vtr.controller.CourseController.updateMember(java.lang.Long,java.lang.Long,com.vtr.dto.CourseMemberUpsertDTO)]] with attributes [[authorize: 'hasAnyRole('TEACHER','ADMIN','SUPER_ADMIN')', filter: 'null', filterTarget: 'null']]
2026-09-05 20:21:27 [main] DEBUG o.s.s.a.p.PrePostAnnotationSecurityMetadataSource - @org.springframework.security.access.prepost.PreAuthorize("hasRole(\'STUDENT\')") found on specific method: public com.vtr.common.Result com.vtr.controller.CourseController.joinedCourses()
2026-09-05 20:21:27 [main] DEBUG o.s.s.a.m.DelegatingMethodSecurityMetadataSource - Caching method [CacheKey[com.vtr.controller.CourseController; public com.vtr.common.Result com.vtr.controller.CourseController.joinedCourses()]] with attributes [[authorize: 'hasRole('STUDENT')', filter: 'null', filterTarget: 'null']]
2026-09-05 20:21:27 [main] DEBUG o.s.s.a.p.PrePostAnnotationSecurityMetadataSource - @org.springframework.security.access.prepost.PreAuthorize("hasAnyRole(\'TEACHER\',\'ADMIN\',\'SUPER_ADMIN\')") found on specific method: public com.vtr.common.Result com.vtr.controller.CourseController.manageList(java.lang.String,java.lang.String)
2026-09-05 20:21:27 [main] DEBUG o.s.s.a.m.DelegatingMethodSecurityMetadataSource - Caching method [CacheKey[com.vtr.controller.CourseController; public com.vtr.common.Result com.vtr.controller.CourseController.manageList(java.lang.String,java.lang.String)]] with attributes [[authorize: 'hasAnyRole('TEACHER','ADMIN','SUPER_ADMIN')', filter: 'null', filterTarget: 'null']]
2026-09-05 20:21:27 [main] DEBUG o.s.s.a.p.PrePostAnnotationSecurityMetadataSource - @org.springframework.security.access.prepost.PreAuthorize("hasAnyRole(\'TEACHER\',\'ADMIN\',\'SUPER_ADMIN\')") found on specific method: public com.vtr.common.Result com.vtr.controller.CourseController.overview(java.lang.Long)
2026-09-05 20:21:27 [main] DEBUG o.s.s.a.m.DelegatingMethodSecurityMetadataSource - Caching method [CacheKey[com.vtr.controller.CourseController; public com.vtr.common.Result com.vtr.controller.CourseController.overview(java.lang.Long)]] with attributes [[authorize: 'hasAnyRole('TEACHER','ADMIN','SUPER_ADMIN')', filter: 'null', filterTarget: 'null']]
2026-09-05 20:21:27 [main] DEBUG o.s.s.a.p.PrePostAnnotationSecurityMetadataSource - @org.springframework.security.access.prepost.PreAuthorize("hasAnyRole(\'TEACHER\',\'ADMIN\',\'SUPER_ADMIN\')") found on specific method: public com.vtr.common.Result com.vtr.controller.CourseController.classrooms(java.lang.Long)
2026-09-05 20:21:27 [main] DEBUG o.s.s.a.m.DelegatingMethodSecurityMetadataSource - Caching method [CacheKey[com.vtr.controller.CourseController; public com.vtr.common.Result com.vtr.controller.CourseController.classrooms(java.lang.Long)]] with attributes [[authorize: 'hasAnyRole('TEACHER','ADMIN','SUPER_ADMIN')', filter: 'null', filterTarget: 'null']]
2026-09-05 20:21:27 [main] DEBUG o.s.s.a.p.PrePostAnnotationSecurityMetadataSource - @org.springframework.security.access.prepost.PreAuthorize("hasAnyRole(\'TEACHER\',\'ADMIN\',\'SUPER_ADMIN\')") found on specific method: public com.vtr.common.Result com.vtr.controller.CourseController.updateSection(java.lang.Long,java.lang.Long,java.lang.Long,java.util.Map)
2026-09-05 20:21:27 [main] DEBUG o.s.s.a.m.DelegatingMethodSecurityMetadataSource - Caching method [CacheKey[com.vtr.controller.CourseController; public com.vtr.common.Result com.vtr.controller.CourseController.updateSection(java.lang.Long,java.lang.Long,java.lang.Long,java.util.Map)]] with attributes [[authorize: 'hasAnyRole('TEACHER','ADMIN','SUPER_ADMIN')', filter: 'null', filterTarget: 'null']]
2026-09-05 20:21:27 [main] DEBUG o.s.s.a.p.PrePostAnnotationSecurityMetadataSource - @org.springframework.security.access.prepost.PreAuthorize("hasAnyRole(\'TEACHER\',\'ADMIN\',\'SUPER_ADMIN\')") found on specific method: public com.vtr.common.Result com.vtr.controller.CourseController.createSection(java.lang.Long,java.lang.Long,java.util.Map)
2026-09-05 20:21:27 [main] DEBUG o.s.s.a.m.DelegatingMethodSecurityMetadataSource - Caching method [CacheKey[com.vtr.controller.CourseController; public com.vtr.common.Result com.vtr.controller.CourseController.createSection(java.lang.Long,java.lang.Long,java.util.Map)]] with attributes [[authorize: 'hasAnyRole('TEACHER','ADMIN','SUPER_ADMIN')', filter: 'null', filterTarget: 'null']]
2026-09-05 20:21:27 [main] DEBUG o.s.s.a.p.PrePostAnnotationSecurityMetadataSource - @org.springframework.security.access.prepost.PreAuthorize("hasAnyRole(\'TEACHER\',\'ADMIN\',\'SUPER_ADMIN\')") found on specific method: public com.vtr.common.Result com.vtr.controller.CourseController.removeMember(java.lang.Long,java.lang.Long)
2026-09-05 20:21:27 [main] DEBUG o.s.s.a.m.DelegatingMethodSecurityMetadataSource - Caching method [CacheKey[com.vtr.controller.CourseController; public com.vtr.common.Result com.vtr.controller.CourseController.removeMember(java.lang.Long,java.lang.Long)]] with attributes [[authorize: 'hasAnyRole('TEACHER','ADMIN','SUPER_ADMIN')', filter: 'null', filterTarget: 'null']]
2026-09-05 20:21:27 [main] DEBUG o.s.s.a.p.PrePostAnnotationSecurityMetadataSource - @org.springframework.security.access.prepost.PreAuthorize("hasAnyRole(\'TEACHER\',\'ADMIN\',\'SUPER_ADMIN\')") found on specific method: public com.vtr.common.Result com.vtr.controller.CourseController.archiveSection(java.lang.Long,java.lang.Long,java.lang.Long)
2026-09-05 20:21:27 [main] DEBUG o.s.s.a.m.DelegatingMethodSecurityMetadataSource - Caching method [CacheKey[com.vtr.controller.CourseController; public com.vtr.common.Result com.vtr.controller.CourseController.archiveSection(java.lang.Long,java.lang.Long,java.lang.Long)]] with attributes [[authorize: 'hasAnyRole('TEACHER','ADMIN','SUPER_ADMIN')', filter: 'null', filterTarget: 'null']]
2026-09-05 20:21:27 [main] DEBUG o.s.s.a.p.PrePostAnnotationSecurityMetadataSource - @org.springframework.security.access.prepost.PreAuthorize("hasRole(\'STUDENT\')") found on specific method: public com.vtr.common.Result com.vtr.controller.CoursewareController.getMyVideoProgress(java.lang.Long)
2026-09-05 20:21:27 [main] DEBUG o.s.s.a.m.DelegatingMethodSecurityMetadataSource - Caching method [CacheKey[com.vtr.controller.CoursewareController; public com.vtr.common.Result com.vtr.controller.CoursewareController.getMyVideoProgress(java.lang.Long)]] with attributes [[authorize: 'hasRole('STUDENT')', filter: 'null', filterTarget: 'null']]
2026-09-05 20:21:27 [main] DEBUG o.s.s.a.p.PrePostAnnotationSecurityMetadataSource - @org.springframework.security.access.prepost.PreAuthorize("hasAnyRole(\'ADMIN\', \'SUPER_ADMIN\')") found on specific method: public com.vtr.common.Result com.vtr.controller.CoursewareController.reviewKnowledgeMap(java.lang.Long,com.vtr.dto.VideoAuditDTO)
2026-09-05 20:21:27 [main] DEBUG o.s.s.a.m.DelegatingMethodSecurityMetadataSource - Caching method [CacheKey[com.vtr.controller.CoursewareController; public com.vtr.common.Result com.vtr.controller.CoursewareController.reviewKnowledgeMap(java.lang.Long,com.vtr.dto.VideoAuditDTO)]] with attributes [[authorize: 'hasAnyRole('ADMIN', 'SUPER_ADMIN')', filter: 'null', filterTarget: 'null']]
2026-09-05 20:21:27 [main] DEBUG o.s.s.a.p.PrePostAnnotationSecurityMetadataSource - @org.springframework.security.access.prepost.PreAuthorize("hasAnyRole(\'TEACHER\', \'ADMIN\', \'SUPER_ADMIN\')") found on specific method: public com.vtr.common.Result com.vtr.controller.CoursewareController.uploadCourseware(com.vtr.dto.CoursewareCreateDTO)
2026-09-05 20:21:27 [main] DEBUG o.s.s.a.m.DelegatingMethodSecurityMetadataSource - Caching method [CacheKey[com.vtr.controller.CoursewareController; public com.vtr.common.Result com.vtr.controller.CoursewareController.uploadCourseware(com.vtr.dto.CoursewareCreateDTO)]] with attributes [[authorize: 'hasAnyRole('TEACHER', 'ADMIN', 'SUPER_ADMIN')', filter: 'null', filterTarget: 'null']]
2026-09-05 20:21:27 [main] DEBUG o.s.s.a.p.PrePostAnnotationSecurityMetadataSource - @org.springframework.security.access.prepost.PreAuthorize("hasAnyRole(\'TEACHER\', \'ADMIN\', \'SUPER_ADMIN\')") found on specific method: public com.vtr.common.Result com.vtr.controller.CoursewareController.updateCourseware(java.lang.Long,com.vtr.dto.CoursewareUpdateDTO)
2026-09-05 20:21:27 [main] DEBUG o.s.s.a.m.DelegatingMethodSecurityMetadataSource - Caching method [CacheKey[com.vtr.controller.CoursewareController; public com.vtr.common.Result com.vtr.controller.CoursewareController.updateCourseware(java.lang.Long,com.vtr.dto.CoursewareUpdateDTO)]] with attributes [[authorize: 'hasAnyRole('TEACHER', 'ADMIN', 'SUPER_ADMIN')', filter: 'null', filterTarget: 'null']]
2026-09-05 20:21:27 [main] DEBUG o.s.s.a.p.PrePostAnnotationSecurityMetadataSource - @org.springframework.security.access.prepost.PreAuthorize("hasRole(\'STUDENT\')") found on specific method: public com.vtr.common.Result com.vtr.controller.CoursewareController.saveVideoProgress(java.lang.Long,com.vtr.dto.VideoProgressDTO)
2026-09-05 20:21:27 [main] DEBUG o.s.s.a.m.DelegatingMethodSecurityMetadataSource - Caching method [CacheKey[com.vtr.controller.CoursewareController; public com.vtr.common.Result com.vtr.controller.CoursewareController.saveVideoProgress(java.lang.Long,com.vtr.dto.VideoProgressDTO)]] with attributes [[authorize: 'hasRole('STUDENT')', filter: 'null', filterTarget: 'null']]
2026-09-05 20:21:27 [main] DEBUG o.s.s.a.p.PrePostAnnotationSecurityMetadataSource - @org.springframework.security.access.prepost.PreAuthorize("isAuthenticated()") found on specific method: public com.vtr.common.Result com.vtr.controller.CoursewareController.getTeachingVideos(com.vtr.dto.CoursewareQueryDTO)
2026-09-05 20:21:27 [main] DEBUG o.s.s.a.m.DelegatingMethodSecurityMetadataSource - Caching method [CacheKey[com.vtr.controller.CoursewareController; public com.vtr.common.Result com.vtr.controller.CoursewareController.getTeachingVideos(com.vtr.dto.CoursewareQueryDTO)]] with attributes [[authorize: 'isAuthenticated()', filter: 'null', filterTarget: 'null']]
2026-09-05 20:21:27 [main] DEBUG o.s.s.a.p.PrePostAnnotationSecurityMetadataSource - @org.springframework.security.access.prepost.PreAuthorize("isAuthenticated()") found on specific method: public org.springframework.http.ResponseEntity com.vtr.controller.CoursewareController.previewCourseware(java.lang.Long)
2026-09-05 20:21:27 [main] DEBUG o.s.s.a.m.DelegatingMethodSecurityMetadataSource - Caching method [CacheKey[com.vtr.controller.CoursewareController; public org.springframework.http.ResponseEntity com.vtr.controller.CoursewareController.previewCourseware(java.lang.Long)]] with attributes [[authorize: 'isAuthenticated()', filter: 'null', filterTarget: 'null']]
2026-09-05 20:21:27 [main] DEBUG o.s.s.a.p.PrePostAnnotationSecurityMetadataSource - @org.springframework.security.access.prepost.PreAuthorize("hasAnyRole(\'TEACHER\', \'ADMIN\', \'SUPER_ADMIN\')") found on specific method: public com.vtr.common.Result com.vtr.controller.CoursewareController.getVideoStatistics(java.lang.Long)
2026-09-05 20:21:27 [main] DEBUG o.s.s.a.m.DelegatingMethodSecurityMetadataSource - Caching method [CacheKey[com.vtr.controller.CoursewareController; public com.vtr.common.Result com.vtr.controller.CoursewareController.getVideoStatistics(java.lang.Long)]] with attributes [[authorize: 'hasAnyRole('TEACHER', 'ADMIN', 'SUPER_ADMIN')', filter: 'null', filterTarget: 'null']]
2026-09-05 20:21:27 [main] DEBUG o.s.s.a.p.PrePostAnnotationSecurityMetadataSource - @org.springframework.security.access.prepost.PreAuthorize("hasAnyRole(\'TEACHER\', \'ADMIN\', \'SUPER_ADMIN\')") found on specific method: public com.vtr.common.Result com.vtr.controller.CoursewareController.deleteCourseware(java.lang.Long)
2026-09-05 20:21:27 [main] DEBUG o.s.s.a.m.DelegatingMethodSecurityMetadataSource - Caching method [CacheKey[com.vtr.controller.CoursewareController; public com.vtr.common.Result com.vtr.controller.CoursewareController.deleteCourseware(java.lang.Long)]] with attributes [[authorize: 'hasAnyRole('TEACHER', 'ADMIN', 'SUPER_ADMIN')', filter: 'null', filterTarget: 'null']]
2026-09-05 20:21:27 [main] DEBUG o.s.s.a.p.PrePostAnnotationSecurityMetadataSource - @org.springframework.security.access.prepost.PreAuthorize("isAuthenticated()") found on specific method: public org.springframework.http.ResponseEntity com.vtr.controller.CoursewareController.downloadCourseware(java.lang.Long)
2026-09-05 20:21:27 [main] DEBUG o.s.s.a.m.DelegatingMethodSecurityMetadataSource - Caching method [CacheKey[com.vtr.controller.CoursewareController; public org.springframework.http.ResponseEntity com.vtr.controller.CoursewareController.downloadCourseware(java.lang.Long)]] with attributes [[authorize: 'isAuthenticated()', filter: 'null', filterTarget: 'null']]
2026-09-05 20:21:27 [main] DEBUG o.s.s.a.p.PrePostAnnotationSecurityMetadataSource - @org.springframework.security.access.prepost.PreAuthorize("hasAnyRole(\'ADMIN\', \'SUPER_ADMIN\')") found on specific method: public com.vtr.common.Result com.vtr.controller.CoursewareController.getPendingReviews(java.lang.Integer,java.lang.Integer)
2026-09-05 20:21:27 [main] DEBUG o.s.s.a.m.DelegatingMethodSecurityMetadataSource - Caching method [CacheKey[com.vtr.controller.CoursewareController; public com.vtr.common.Result com.vtr.controller.CoursewareController.getPendingReviews(java.lang.Integer,java.lang.Integer)]] with attributes [[authorize: 'hasAnyRole('ADMIN', 'SUPER_ADMIN')', filter: 'null', filterTarget: 'null']]
2026-09-05 20:21:27 [main] DEBUG o.s.s.a.p.PrePostAnnotationSecurityMetadataSource - @org.springframework.security.access.prepost.PreAuthorize("isAuthenticated()") found on specific method: public com.vtr.common.Result com.vtr.controller.CoursewareController.getCoursewareList(com.vtr.dto.CoursewareQueryDTO)
2026-09-05 20:21:27 [main] DEBUG o.s.s.a.m.DelegatingMethodSecurityMetadataSource - Caching method [CacheKey[com.vtr.controller.CoursewareController; public com.vtr.common.Result com.vtr.controller.CoursewareController.getCoursewareList(com.vtr.dto.CoursewareQueryDTO)]] with attributes [[authorize: 'isAuthenticated()', filter: 'null', filterTarget: 'null']]
2026-09-05 20:21:27 [main] DEBUG o.s.s.a.p.PrePostAnnotationSecurityMetadataSource - @org.springframework.security.access.prepost.PreAuthorize("isAuthenticated()") found on specific method: public com.vtr.common.Result com.vtr.controller.CoursewareController.getCourseware(java.lang.Long)
2026-09-05 20:21:27 [main] DEBUG o.s.s.a.m.DelegatingMethodSecurityMetadataSource - Caching method [CacheKey[com.vtr.controller.CoursewareController; public com.vtr.common.Result com.vtr.controller.CoursewareController.getCourseware(java.lang.Long)]] with attributes [[authorize: 'isAuthenticated()', filter: 'null', filterTarget: 'null']]
2026-09-05 20:21:27 [main] DEBUG o.s.s.a.p.PrePostAnnotationSecurityMetadataSource - @org.springframework.security.access.prepost.PreAuthorize("hasRole(\'TEACHER\')") found on specific method: public com.vtr.common.Result com.vtr.controller.CoursewareController.createStructuredTeachingOutline(com.vtr.dto.StructuredOutlineCreateDTO)
2026-09-05 20:21:27 [main] DEBUG o.s.s.a.m.DelegatingMethodSecurityMetadataSource - Caching method [CacheKey[com.vtr.controller.CoursewareController; public com.vtr.common.Result com.vtr.controller.CoursewareController.createStructuredTeachingOutline(com.vtr.dto.StructuredOutlineCreateDTO)]] with attributes [[authorize: 'hasRole('TEACHER')', filter: 'null', filterTarget: 'null']]
2026-09-05 20:21:27 [main] DEBUG o.s.s.a.p.PrePostAnnotationSecurityMetadataSource - @org.springframework.security.access.prepost.PreAuthorize("hasAnyRole(\'ADMIN\', \'SUPER_ADMIN\')") found on specific method: public com.vtr.common.Result com.vtr.controller.CoursewareController.archiveTeachingCourseware(java.lang.Long)
2026-09-05 20:21:27 [main] DEBUG o.s.s.a.m.DelegatingMethodSecurityMetadataSource - Caching method [CacheKey[com.vtr.controller.CoursewareController; public com.vtr.common.Result com.vtr.controller.CoursewareController.archiveTeachingCourseware(java.lang.Long)]] with attributes [[authorize: 'hasAnyRole('ADMIN', 'SUPER_ADMIN')', filter: 'null', filterTarget: 'null']]
2026-09-05 20:21:27 [main] DEBUG o.s.s.a.p.PrePostAnnotationSecurityMetadataSource - @org.springframework.security.access.prepost.PreAuthorize("hasAnyRole(\'ADMIN\', \'SUPER_ADMIN\')") found on specific method: public com.vtr.common.Result com.vtr.controller.CoursewareController.reviewTeachingOutline(java.lang.Long,com.vtr.dto.VideoAuditDTO)
2026-09-05 20:21:27 [main] DEBUG o.s.s.a.m.DelegatingMethodSecurityMetadataSource - Caching method [CacheKey[com.vtr.controller.CoursewareController; public com.vtr.common.Result com.vtr.controller.CoursewareController.reviewTeachingOutline(java.lang.Long,com.vtr.dto.VideoAuditDTO)]] with attributes [[authorize: 'hasAnyRole('ADMIN', 'SUPER_ADMIN')', filter: 'null', filterTarget: 'null']]
2026-09-05 20:21:27 [main] DEBUG o.s.s.a.p.PrePostAnnotationSecurityMetadataSource - @org.springframework.security.access.prepost.PreAuthorize("hasAnyRole(\'TEACHER\', \'ADMIN\', \'SUPER_ADMIN\')") found on specific method: public com.vtr.common.Result com.vtr.controller.CoursewareController.getTeachingVideoOverview(java.lang.Long)
2026-09-05 20:21:27 [main] DEBUG o.s.s.a.m.DelegatingMethodSecurityMetadataSource - Caching method [CacheKey[com.vtr.controller.CoursewareController; public com.vtr.common.Result com.vtr.controller.CoursewareController.getTeachingVideoOverview(java.lang.Long)]] with attributes [[authorize: 'hasAnyRole('TEACHER', 'ADMIN', 'SUPER_ADMIN')', filter: 'null', filterTarget: 'null']]
2026-09-05 20:21:27 [main] DEBUG o.s.s.a.p.PrePostAnnotationSecurityMetadataSource - @org.springframework.security.access.prepost.PreAuthorize("hasAnyRole(\'ADMIN\', \'SUPER_ADMIN\')") found on specific method: public com.vtr.common.Result com.vtr.controller.CoursewareController.reviewTeachingVideo(java.lang.Long,com.vtr.dto.VideoAuditDTO)
2026-09-05 20:21:27 [main] DEBUG o.s.s.a.m.DelegatingMethodSecurityMetadataSource - Caching method [CacheKey[com.vtr.controller.CoursewareController; public com.vtr.common.Result com.vtr.controller.CoursewareController.reviewTeachingVideo(java.lang.Long,com.vtr.dto.VideoAuditDTO)]] with attributes [[authorize: 'hasAnyRole('ADMIN', 'SUPER_ADMIN')', filter: 'null', filterTarget: 'null']]
2026-09-05 20:21:27 [main] DEBUG o.s.s.a.p.PrePostAnnotationSecurityMetadataSource - @org.springframework.security.access.prepost.PreAuthorize("hasAnyRole(\'ADMIN\', \'SUPER_ADMIN\')") found on specific method: public com.vtr.common.Result com.vtr.controller.CoursewareController.reviewTeachingCourseware(java.lang.Long,com.vtr.dto.VideoAuditDTO)
2026-09-05 20:21:27 [main] DEBUG o.s.s.a.m.DelegatingMethodSecurityMetadataSource - Caching method [CacheKey[com.vtr.controller.CoursewareController; public com.vtr.common.Result com.vtr.controller.CoursewareController.reviewTeachingCourseware(java.lang.Long,com.vtr.dto.VideoAuditDTO)]] with attributes [[authorize: 'hasAnyRole('ADMIN', 'SUPER_ADMIN')', filter: 'null', filterTarget: 'null']]
2026-09-05 20:21:27 [main] DEBUG o.s.s.a.p.PrePostAnnotationSecurityMetadataSource - @org.springframework.security.access.prepost.PreAuthorize("hasAnyRole(\'TEACHER\', \'ADMIN\', \'SUPER_ADMIN\')") found on specific method: public com.vtr.common.Result com.vtr.controller.CoursewareController.createTeachingVideoVersion(java.lang.Long,com.vtr.dto.CoursewareUpdateDTO)
2026-09-05 20:21:27 [main] DEBUG o.s.s.a.m.DelegatingMethodSecurityMetadataSource - Caching method [CacheKey[com.vtr.controller.CoursewareController; public com.vtr.common.Result com.vtr.controller.CoursewareController.createTeachingVideoVersion(java.lang.Long,com.vtr.dto.CoursewareUpdateDTO)]] with attributes [[authorize: 'hasAnyRole('TEACHER', 'ADMIN', 'SUPER_ADMIN')', filter: 'null', filterTarget: 'null']]
2026-09-05 20:21:27 [main] DEBUG o.s.s.a.p.PrePostAnnotationSecurityMetadataSource - @org.springframework.security.access.prepost.PreAuthorize("hasAnyRole(\'ADMIN\', \'SUPER_ADMIN\')") found on specific method: public com.vtr.common.Result com.vtr.controller.CoursewareController.archiveTeachingOutline(java.lang.Long)
2026-09-05 20:21:27 [main] DEBUG o.s.s.a.m.DelegatingMethodSecurityMetadataSource - Caching method [CacheKey[com.vtr.controller.CoursewareController; public com.vtr.common.Result com.vtr.controller.CoursewareController.archiveTeachingOutline(java.lang.Long)]] with attributes [[authorize: 'hasAnyRole('ADMIN', 'SUPER_ADMIN')', filter: 'null', filterTarget: 'null']]
2026-09-05 20:21:27 [main] DEBUG o.s.s.a.p.PrePostAnnotationSecurityMetadataSource - @org.springframework.security.access.prepost.PreAuthorize("isAuthenticated()") found on specific method: public com.vtr.common.Result com.vtr.controller.CoursewareController.openCoursewareLocally(java.lang.Long)
2026-09-05 20:21:27 [main] DEBUG o.s.s.a.m.DelegatingMethodSecurityMetadataSource - Caching method [CacheKey[com.vtr.controller.CoursewareController; public com.vtr.common.Result com.vtr.controller.CoursewareController.openCoursewareLocally(java.lang.Long)]] with attributes [[authorize: 'isAuthenticated()', filter: 'null', filterTarget: 'null']]
2026-09-05 20:21:27 [main] DEBUG o.s.s.a.p.PrePostAnnotationSecurityMetadataSource - @org.springframework.security.access.prepost.PreAuthorize("hasRole(\'TEACHER\')") found on specific method: public com.vtr.common.Result com.vtr.controller.CoursewareController.withdrawTeachingVideo(java.lang.Long)
2026-09-05 20:21:27 [main] DEBUG o.s.s.a.m.DelegatingMethodSecurityMetadataSource - Caching method [CacheKey[com.vtr.controller.CoursewareController; public com.vtr.common.Result com.vtr.controller.CoursewareController.withdrawTeachingVideo(java.lang.Long)]] with attributes [[authorize: 'hasRole('TEACHER')', filter: 'null', filterTarget: 'null']]
2026-09-05 20:21:27 [main] DEBUG o.s.s.a.p.PrePostAnnotationSecurityMetadataSource - @org.springframework.security.access.prepost.PreAuthorize("hasAnyRole(\'ADMIN\', \'SUPER_ADMIN\')") found on specific method: public com.vtr.common.Result com.vtr.controller.CoursewareController.archiveTeachingVideo(java.lang.Long)
2026-09-05 20:21:27 [main] DEBUG o.s.s.a.m.DelegatingMethodSecurityMetadataSource - Caching method [CacheKey[com.vtr.controller.CoursewareController; public com.vtr.common.Result com.vtr.controller.CoursewareController.archiveTeachingVideo(java.lang.Long)]] with attributes [[authorize: 'hasAnyRole('ADMIN', 'SUPER_ADMIN')', filter: 'null', filterTarget: 'null']]
2026-09-05 20:21:27 [main] DEBUG o.s.s.a.p.PrePostAnnotationSecurityMetadataSource - @org.springframework.security.access.prepost.PreAuthorize("isAuthenticated()") found on specific method: public com.vtr.common.Result com.vtr.controller.ExamController.detail(java.lang.Long)
2026-09-05 20:21:27 [main] DEBUG o.s.s.a.m.DelegatingMethodSecurityMetadataSource - Caching method [CacheKey[com.vtr.controller.ExamController; public com.vtr.common.Result com.vtr.controller.ExamController.detail(java.lang.Long)]] with attributes [[authorize: 'isAuthenticated()', filter: 'null', filterTarget: 'null']]
2026-09-05 20:21:27 [main] DEBUG o.s.s.a.p.PrePostAnnotationSecurityMetadataSource - @org.springframework.security.access.prepost.PreAuthorize("hasRole(\'TEACHER\')") found on specific method: public com.vtr.common.Result com.vtr.controller.ExamController.update(java.lang.Long,java.util.Map)
2026-09-05 20:21:27 [main] DEBUG o.s.s.a.m.DelegatingMethodSecurityMetadataSource - Caching method [CacheKey[com.vtr.controller.ExamController; public com.vtr.common.Result com.vtr.controller.ExamController.update(java.lang.Long,java.util.Map)]] with attributes [[authorize: 'hasRole('TEACHER')', filter: 'null', filterTarget: 'null']]
2026-09-05 20:21:27 [main] DEBUG o.s.s.a.p.PrePostAnnotationSecurityMetadataSource - @org.springframework.security.access.prepost.PreAuthorize("isAuthenticated()") found on specific method: public com.vtr.common.Result com.vtr.controller.ExamController.list(java.lang.Long)
2026-09-05 20:21:27 [main] DEBUG o.s.s.a.m.DelegatingMethodSecurityMetadataSource - Caching method [CacheKey[com.vtr.controller.ExamController; public com.vtr.common.Result com.vtr.controller.ExamController.list(java.lang.Long)]] with attributes [[authorize: 'isAuthenticated()', filter: 'null', filterTarget: 'null']]
2026-09-05 20:21:27 [main] DEBUG o.s.s.a.p.PrePostAnnotationSecurityMetadataSource - @org.springframework.security.access.prepost.PreAuthorize("hasRole(\'TEACHER\')") found on specific method: public com.vtr.common.Result com.vtr.controller.ExamController.delete(java.lang.Long)
2026-09-05 20:21:27 [main] DEBUG o.s.s.a.m.DelegatingMethodSecurityMetadataSource - Caching method [CacheKey[com.vtr.controller.ExamController; public com.vtr.common.Result com.vtr.controller.ExamController.delete(java.lang.Long)]] with attributes [[authorize: 'hasRole('TEACHER')', filter: 'null', filterTarget: 'null']]
2026-09-05 20:21:27 [main] DEBUG o.s.s.a.p.PrePostAnnotationSecurityMetadataSource - @org.springframework.security.access.prepost.PreAuthorize("hasRole(\'TEACHER\')") found on specific method: public com.vtr.common.Result com.vtr.controller.ExamController.archive(java.lang.Long)
2026-09-05 20:21:27 [main] DEBUG o.s.s.a.m.DelegatingMethodSecurityMetadataSource - Caching method [CacheKey[com.vtr.controller.ExamController; public com.vtr.common.Result com.vtr.controller.ExamController.archive(java.lang.Long)]] with attributes [[authorize: 'hasRole('TEACHER')', filter: 'null', filterTarget: 'null']]
2026-09-05 20:21:27 [main] DEBUG o.s.s.a.p.PrePostAnnotationSecurityMetadataSource - @org.springframework.security.access.prepost.PreAuthorize("hasRole(\'TEACHER\')") found on specific method: public com.vtr.common.Result com.vtr.controller.ExamController.create(java.util.Map)
2026-09-05 20:21:27 [main] DEBUG o.s.s.a.m.DelegatingMethodSecurityMetadataSource - Caching method [CacheKey[com.vtr.controller.ExamController; public com.vtr.common.Result com.vtr.controller.ExamController.create(java.util.Map)]] with attributes [[authorize: 'hasRole('TEACHER')', filter: 'null', filterTarget: 'null']]
2026-09-05 20:21:27 [main] DEBUG o.s.s.a.p.PrePostAnnotationSecurityMetadataSource - @org.springframework.security.access.prepost.PreAuthorize("hasRole(\'TEACHER\')") found on specific method: public com.vtr.common.Result com.vtr.controller.ExamController.publish(java.lang.Long)
2026-09-05 20:21:27 [main] DEBUG o.s.s.a.m.DelegatingMethodSecurityMetadataSource - Caching method [CacheKey[com.vtr.controller.ExamController; public com.vtr.common.Result com.vtr.controller.ExamController.publish(java.lang.Long)]] with attributes [[authorize: 'hasRole('TEACHER')', filter: 'null', filterTarget: 'null']]
2026-09-05 20:21:27 [main] DEBUG o.s.s.a.p.PrePostAnnotationSecurityMetadataSource - @org.springframework.security.access.prepost.PreAuthorize("hasAnyRole(\'ADMIN\', \'SUPER_ADMIN\')") found on specific method: public com.vtr.common.Result com.vtr.controller.ForumController.getRejectedComments(java.lang.Integer,java.lang.Integer)
2026-09-05 20:21:27 [main] DEBUG o.s.s.a.m.DelegatingMethodSecurityMetadataSource - Caching method [CacheKey[com.vtr.controller.ForumController; public com.vtr.common.Result com.vtr.controller.ForumController.getRejectedComments(java.lang.Integer,java.lang.Integer)]] with attributes [[authorize: 'hasAnyRole('ADMIN', 'SUPER_ADMIN')', filter: 'null', filterTarget: 'null']]
2026-09-05 20:21:27 [main] DEBUG o.s.s.a.p.PrePostAnnotationSecurityMetadataSource - @org.springframework.security.access.prepost.PreAuthorize("hasAnyRole(\'ADMIN\', \'SUPER_ADMIN\')") found on specific method: public com.vtr.common.Result com.vtr.controller.ForumController.getApprovedComments(java.lang.Integer,java.lang.Integer)
2026-09-05 20:21:27 [main] DEBUG o.s.s.a.m.DelegatingMethodSecurityMetadataSource - Caching method [CacheKey[com.vtr.controller.ForumController; public com.vtr.common.Result com.vtr.controller.ForumController.getApprovedComments(java.lang.Integer,java.lang.Integer)]] with attributes [[authorize: 'hasAnyRole('ADMIN', 'SUPER_ADMIN')', filter: 'null', filterTarget: 'null']]
2026-09-05 20:21:27 [main] DEBUG o.s.s.a.p.PrePostAnnotationSecurityMetadataSource - @org.springframework.security.access.prepost.PreAuthorize("isAuthenticated()") found on specific method: public com.vtr.common.Result com.vtr.controller.ForumController.toggleLike(java.lang.Long)
2026-09-05 20:21:27 [main] DEBUG o.s.s.a.m.DelegatingMethodSecurityMetadataSource - Caching method [CacheKey[com.vtr.controller.ForumController; public com.vtr.common.Result com.vtr.controller.ForumController.toggleLike(java.lang.Long)]] with attributes [[authorize: 'isAuthenticated()', filter: 'null', filterTarget: 'null']]
2026-09-05 20:21:27 [main] DEBUG o.s.s.a.p.PrePostAnnotationSecurityMetadataSource - @org.springframework.security.access.prepost.PreAuthorize("hasAnyRole(\'ADMIN\', \'SUPER_ADMIN\')") found on specific method: public com.vtr.common.Result com.vtr.controller.ForumController.getPendingComments(java.lang.Integer,java.lang.Integer)
2026-09-05 20:21:27 [main] DEBUG o.s.s.a.m.DelegatingMethodSecurityMetadataSource - Caching method [CacheKey[com.vtr.controller.ForumController; public com.vtr.common.Result com.vtr.controller.ForumController.getPendingComments(java.lang.Integer,java.lang.Integer)]] with attributes [[authorize: 'hasAnyRole('ADMIN', 'SUPER_ADMIN')', filter: 'null', filterTarget: 'null']]
2026-09-05 20:21:27 [main] DEBUG o.s.s.a.p.PrePostAnnotationSecurityMetadataSource - @org.springframework.security.access.prepost.PreAuthorize("hasAnyRole(\'ADMIN\', \'SUPER_ADMIN\')") found on specific method: public com.vtr.common.Result com.vtr.controller.ForumController.getApprovedPosts(java.lang.Integer,java.lang.Integer)
2026-09-05 20:21:27 [main] DEBUG o.s.s.a.m.DelegatingMethodSecurityMetadataSource - Caching method [CacheKey[com.vtr.controller.ForumController; public com.vtr.common.Result com.vtr.controller.ForumController.getApprovedPosts(java.lang.Integer,java.lang.Integer)]] with attributes [[authorize: 'hasAnyRole('ADMIN', 'SUPER_ADMIN')', filter: 'null', filterTarget: 'null']]
2026-09-05 20:21:27 [main] DEBUG o.s.s.a.p.PrePostAnnotationSecurityMetadataSource - @org.springframework.security.access.prepost.PreAuthorize("isAuthenticated()") found on specific method: public com.vtr.common.Result com.vtr.controller.ForumController.addComment(com.vtr.dto.ForumCommentCreateDTO)
2026-09-05 20:21:27 [main] DEBUG o.s.s.a.m.DelegatingMethodSecurityMetadataSource - Caching method [CacheKey[com.vtr.controller.ForumController; public com.vtr.common.Result com.vtr.controller.ForumController.addComment(com.vtr.dto.ForumCommentCreateDTO)]] with attributes [[authorize: 'isAuthenticated()', filter: 'null', filterTarget: 'null']]
2026-09-05 20:21:27 [main] DEBUG o.s.s.a.p.PrePostAnnotationSecurityMetadataSource - @org.springframework.security.access.prepost.PreAuthorize("hasAnyRole(\'ADMIN\', \'SUPER_ADMIN\')") found on specific method: public com.vtr.common.Result com.vtr.controller.ForumController.getAllPosts(java.lang.Integer,java.lang.Integer)
2026-09-05 20:21:27 [main] DEBUG o.s.s.a.m.DelegatingMethodSecurityMetadataSource - Caching method [CacheKey[com.vtr.controller.ForumController; public com.vtr.common.Result com.vtr.controller.ForumController.getAllPosts(java.lang.Integer,java.lang.Integer)]] with attributes [[authorize: 'hasAnyRole('ADMIN', 'SUPER_ADMIN')', filter: 'null', filterTarget: 'null']]
2026-09-05 20:21:27 [main] DEBUG o.s.s.a.p.PrePostAnnotationSecurityMetadataSource - @org.springframework.security.access.prepost.PreAuthorize("hasAnyRole(\'ADMIN\', \'SUPER_ADMIN\')") found on specific method: public com.vtr.common.Result com.vtr.controller.ForumController.auditComment(java.lang.Long,com.vtr.dto.AuditCommentDTO)
2026-09-05 20:21:27 [main] DEBUG o.s.s.a.m.DelegatingMethodSecurityMetadataSource - Caching method [CacheKey[com.vtr.controller.ForumController; public com.vtr.common.Result com.vtr.controller.ForumController.auditComment(java.lang.Long,com.vtr.dto.AuditCommentDTO)]] with attributes [[authorize: 'hasAnyRole('ADMIN', 'SUPER_ADMIN')', filter: 'null', filterTarget: 'null']]
2026-09-05 20:21:27 [main] DEBUG o.s.s.a.p.PrePostAnnotationSecurityMetadataSource - @org.springframework.security.access.prepost.PreAuthorize("hasAnyRole(\'ADMIN\', \'SUPER_ADMIN\')") found on specific method: public com.vtr.common.Result com.vtr.controller.ForumController.getPendingPosts(java.lang.Integer,java.lang.Integer)
2026-09-05 20:21:27 [main] DEBUG o.s.s.a.m.DelegatingMethodSecurityMetadataSource - Caching method [CacheKey[com.vtr.controller.ForumController; public com.vtr.common.Result com.vtr.controller.ForumController.getPendingPosts(java.lang.Integer,java.lang.Integer)]] with attributes [[authorize: 'hasAnyRole('ADMIN', 'SUPER_ADMIN')', filter: 'null', filterTarget: 'null']]
2026-09-05 20:21:27 [main] DEBUG o.s.s.a.p.PrePostAnnotationSecurityMetadataSource - @org.springframework.security.access.prepost.PreAuthorize("hasAnyRole(\'ADMIN\', \'SUPER_ADMIN\')") found on specific method: public com.vtr.common.Result com.vtr.controller.ForumController.getRejectedPosts(java.lang.Integer,java.lang.Integer)
2026-09-05 20:21:27 [main] DEBUG o.s.s.a.m.DelegatingMethodSecurityMetadataSource - Caching method [CacheKey[com.vtr.controller.ForumController; public com.vtr.common.Result com.vtr.controller.ForumController.getRejectedPosts(java.lang.Integer,java.lang.Integer)]] with attributes [[authorize: 'hasAnyRole('ADMIN', 'SUPER_ADMIN')', filter: 'null', filterTarget: 'null']]
2026-09-05 20:21:27 [main] DEBUG o.s.s.a.p.PrePostAnnotationSecurityMetadataSource - @org.springframework.security.access.prepost.PreAuthorize("hasAnyRole(\'ADMIN\', \'SUPER_ADMIN\')") found on specific method: public com.vtr.common.Result com.vtr.controller.ForumController.auditPost(java.lang.Long,com.vtr.dto.AuditPostDTO)
2026-09-05 20:21:27 [main] DEBUG o.s.s.a.m.DelegatingMethodSecurityMetadataSource - Caching method [CacheKey[com.vtr.controller.ForumController; public com.vtr.common.Result com.vtr.controller.ForumController.auditPost(java.lang.Long,com.vtr.dto.AuditPostDTO)]] with attributes [[authorize: 'hasAnyRole('ADMIN', 'SUPER_ADMIN')', filter: 'null', filterTarget: 'null']]
2026-09-05 20:21:27 [main] DEBUG o.s.s.a.p.PrePostAnnotationSecurityMetadataSource - @org.springframework.security.access.prepost.PreAuthorize("hasAnyRole(\'ADMIN\', \'SUPER_ADMIN\')") found on specific method: public com.vtr.common.Result com.vtr.controller.ForumController.getAllComments(java.lang.Integer,java.lang.Integer)
2026-09-05 20:21:27 [main] DEBUG o.s.s.a.m.DelegatingMethodSecurityMetadataSource - Caching method [CacheKey[com.vtr.controller.ForumController; public com.vtr.common.Result com.vtr.controller.ForumController.getAllComments(java.lang.Integer,java.lang.Integer)]] with attributes [[authorize: 'hasAnyRole('ADMIN', 'SUPER_ADMIN')', filter: 'null', filterTarget: 'null']]
2026-09-05 20:21:27 [main] DEBUG o.s.s.a.p.PrePostAnnotationSecurityMetadataSource - @org.springframework.security.access.prepost.PreAuthorize("isAuthenticated()") found on specific method: public com.vtr.common.Result com.vtr.controller.ForumController.createPost(com.vtr.dto.ForumPostCreateDTO)
2026-09-05 20:21:27 [main] DEBUG o.s.s.a.m.DelegatingMethodSecurityMetadataSource - Caching method [CacheKey[com.vtr.controller.ForumController; public com.vtr.common.Result com.vtr.controller.ForumController.createPost(com.vtr.dto.ForumPostCreateDTO)]] with attributes [[authorize: 'isAuthenticated()', filter: 'null', filterTarget: 'null']]
2026-09-05 20:21:27 [main] DEBUG o.s.s.a.p.PrePostAnnotationSecurityMetadataSource - @org.springframework.security.access.prepost.PreAuthorize("hasAnyRole(\'ADMIN\', \'SUPER_ADMIN\')") found on specific method: public com.vtr.common.Result com.vtr.controller.ForumController.cancelPin(java.lang.Long)
2026-09-05 20:21:27 [main] DEBUG o.s.s.a.m.DelegatingMethodSecurityMetadataSource - Caching method [CacheKey[com.vtr.controller.ForumController; public com.vtr.common.Result com.vtr.controller.ForumController.cancelPin(java.lang.Long)]] with attributes [[authorize: 'hasAnyRole('ADMIN', 'SUPER_ADMIN')', filter: 'null', filterTarget: 'null']]
2026-09-05 20:21:27 [main] DEBUG o.s.s.a.p.PrePostAnnotationSecurityMetadataSource - @org.springframework.security.access.prepost.PreAuthorize("hasAnyRole(\'ADMIN\', \'SUPER_ADMIN\')") found on specific method: public com.vtr.common.Result com.vtr.controller.LearningResourceController.archive(java.lang.String,java.lang.Long)
2026-09-05 20:21:27 [main] DEBUG o.s.s.a.m.DelegatingMethodSecurityMetadataSource - Caching method [CacheKey[com.vtr.controller.LearningResourceController; public com.vtr.common.Result com.vtr.controller.LearningResourceController.archive(java.lang.String,java.lang.Long)]] with attributes [[authorize: 'hasAnyRole('ADMIN', 'SUPER_ADMIN')', filter: 'null', filterTarget: 'null']]
2026-09-05 20:21:27 [main] DEBUG o.s.s.a.p.PrePostAnnotationSecurityMetadataSource - @org.springframework.security.access.prepost.PreAuthorize("hasRole(\'STUDENT\')") found on specific method: public com.vtr.common.Result com.vtr.controller.LearningResourceController.attempt(java.lang.Long,java.util.Map)
2026-09-05 20:21:27 [main] DEBUG o.s.s.a.m.DelegatingMethodSecurityMetadataSource - Caching method [CacheKey[com.vtr.controller.LearningResourceController; public com.vtr.common.Result com.vtr.controller.LearningResourceController.attempt(java.lang.Long,java.util.Map)]] with attributes [[authorize: 'hasRole('STUDENT')', filter: 'null', filterTarget: 'null']]
2026-09-05 20:21:27 [main] DEBUG o.s.s.a.p.PrePostAnnotationSecurityMetadataSource - @org.springframework.security.access.prepost.PreAuthorize("hasAnyRole(\'ADMIN\', \'SUPER_ADMIN\')") found on specific method: public com.vtr.common.Result com.vtr.controller.LearningResourceController.review(java.lang.String,java.lang.Long,java.util.Map)
2026-09-05 20:21:27 [main] DEBUG o.s.s.a.m.DelegatingMethodSecurityMetadataSource - Caching method [CacheKey[com.vtr.controller.LearningResourceController; public com.vtr.common.Result com.vtr.controller.LearningResourceController.review(java.lang.String,java.lang.Long,java.util.Map)]] with attributes [[authorize: 'hasAnyRole('ADMIN', 'SUPER_ADMIN')', filter: 'null', filterTarget: 'null']]
2026-09-05 20:21:27 [main] DEBUG o.s.s.a.p.PrePostAnnotationSecurityMetadataSource - @org.springframework.security.access.prepost.PreAuthorize("isAuthenticated()") found on specific method: public com.vtr.common.Result com.vtr.controller.LearningResourceController.questions(java.lang.Long,java.lang.String,java.lang.Long,java.lang.Long)
2026-09-05 20:21:27 [main] DEBUG o.s.s.a.m.DelegatingMethodSecurityMetadataSource - Caching method [CacheKey[com.vtr.controller.LearningResourceController; public com.vtr.common.Result com.vtr.controller.LearningResourceController.questions(java.lang.Long,java.lang.String,java.lang.Long,java.lang.Long)]] with attributes [[authorize: 'isAuthenticated()', filter: 'null', filterTarget: 'null']]
2026-09-05 20:21:27 [main] DEBUG o.s.s.a.p.PrePostAnnotationSecurityMetadataSource - @org.springframework.security.access.prepost.PreAuthorize("hasRole(\'STUDENT\')") found on specific method: public com.vtr.common.Result com.vtr.controller.LearningResourceController.myAttempts(java.lang.Long,java.lang.String,java.lang.Long)
2026-09-05 20:21:27 [main] DEBUG o.s.s.a.m.DelegatingMethodSecurityMetadataSource - Caching method [CacheKey[com.vtr.controller.LearningResourceController; public com.vtr.common.Result com.vtr.controller.LearningResourceController.myAttempts(java.lang.Long,java.lang.String,java.lang.Long)]] with attributes [[authorize: 'hasRole('STUDENT')', filter: 'null', filterTarget: 'null']]
2026-09-05 20:21:27 [main] DEBUG o.s.s.a.p.PrePostAnnotationSecurityMetadataSource - @org.springframework.security.access.prepost.PreAuthorize("hasRole(\'STUDENT\')") found on specific method: public com.vtr.common.Result com.vtr.controller.LearningResourceController.favorite(java.lang.Long)
2026-09-05 20:21:27 [main] DEBUG o.s.s.a.m.DelegatingMethodSecurityMetadataSource - Caching method [CacheKey[com.vtr.controller.LearningResourceController; public com.vtr.common.Result com.vtr.controller.LearningResourceController.favorite(java.lang.Long)]] with attributes [[authorize: 'hasRole('STUDENT')', filter: 'null', filterTarget: 'null']]
2026-09-05 20:21:27 [main] DEBUG o.s.s.a.p.PrePostAnnotationSecurityMetadataSource - @org.springframework.security.access.prepost.PreAuthorize("hasRole(\'TEACHER\')") found on specific method: public com.vtr.common.Result com.vtr.controller.LearningResourceController.reviewAttempt(java.lang.Long,java.util.Map)
2026-09-05 20:21:27 [main] DEBUG o.s.s.a.m.DelegatingMethodSecurityMetadataSource - Caching method [CacheKey[com.vtr.controller.LearningResourceController; public com.vtr.common.Result com.vtr.controller.LearningResourceController.reviewAttempt(java.lang.Long,java.util.Map)]] with attributes [[authorize: 'hasRole('TEACHER')', filter: 'null', filterTarget: 'null']]
2026-09-05 20:21:27 [main] DEBUG o.s.s.a.p.PrePostAnnotationSecurityMetadataSource - @org.springframework.security.access.prepost.PreAuthorize("hasRole(\'STUDENT\')") found on specific method: public com.vtr.common.Result com.vtr.controller.LearningResourceController.unfavorite(java.lang.Long)
2026-09-05 20:21:27 [main] DEBUG o.s.s.a.m.DelegatingMethodSecurityMetadataSource - Caching method [CacheKey[com.vtr.controller.LearningResourceController; public com.vtr.common.Result com.vtr.controller.LearningResourceController.unfavorite(java.lang.Long)]] with attributes [[authorize: 'hasRole('STUDENT')', filter: 'null', filterTarget: 'null']]
2026-09-05 20:21:27 [main] DEBUG o.s.s.a.p.PrePostAnnotationSecurityMetadataSource - @org.springframework.security.access.prepost.PreAuthorize("hasRole(\'TEACHER\')") found on specific method: public com.vtr.common.Result com.vtr.controller.LearningResourceController.createQuestion(java.util.Map)
2026-09-05 20:21:27 [main] DEBUG o.s.s.a.m.DelegatingMethodSecurityMetadataSource - Caching method [CacheKey[com.vtr.controller.LearningResourceController; public com.vtr.common.Result com.vtr.controller.LearningResourceController.createQuestion(java.util.Map)]] with attributes [[authorize: 'hasRole('TEACHER')', filter: 'null', filterTarget: 'null']]
2026-09-05 20:21:27 [main] DEBUG o.s.s.a.p.PrePostAnnotationSecurityMetadataSource - @org.springframework.security.access.prepost.PreAuthorize("hasRole(\'TEACHER\')") found on specific method: public com.vtr.common.Result com.vtr.controller.LearningResourceController.updateQuestion(java.lang.Long,java.util.Map)
2026-09-05 20:21:27 [main] DEBUG o.s.s.a.m.DelegatingMethodSecurityMetadataSource - Caching method [CacheKey[com.vtr.controller.LearningResourceController; public com.vtr.common.Result com.vtr.controller.LearningResourceController.updateQuestion(java.lang.Long,java.util.Map)]] with attributes [[authorize: 'hasRole('TEACHER')', filter: 'null', filterTarget: 'null']]
2026-09-05 20:21:27 [main] DEBUG o.s.s.a.p.PrePostAnnotationSecurityMetadataSource - @org.springframework.security.access.prepost.PreAuthorize("hasRole(\'STUDENT\')") found on specific method: public com.vtr.common.Result com.vtr.controller.LearningResourceController.favorites(java.lang.Long,java.lang.String,java.lang.Long)
2026-09-05 20:21:27 [main] DEBUG o.s.s.a.m.DelegatingMethodSecurityMetadataSource - Caching method [CacheKey[com.vtr.controller.LearningResourceController; public com.vtr.common.Result com.vtr.controller.LearningResourceController.favorites(java.lang.Long,java.lang.String,java.lang.Long)]] with attributes [[authorize: 'hasRole('STUDENT')', filter: 'null', filterTarget: 'null']]
2026-09-05 20:21:27 [main] DEBUG o.s.s.a.p.PrePostAnnotationSecurityMetadataSource - @org.springframework.security.access.prepost.PreAuthorize("hasRole(\'TEACHER\')") found on specific method: public com.vtr.common.Result com.vtr.controller.LearningResourceController.deleteQuestion(java.lang.Long)
2026-09-05 20:21:27 [main] DEBUG o.s.s.a.m.DelegatingMethodSecurityMetadataSource - Caching method [CacheKey[com.vtr.controller.LearningResourceController; public com.vtr.common.Result com.vtr.controller.LearningResourceController.deleteQuestion(java.lang.Long)]] with attributes [[authorize: 'hasRole('TEACHER')', filter: 'null', filterTarget: 'null']]
2026-09-05 20:21:27 [main] DEBUG o.s.s.a.p.PrePostAnnotationSecurityMetadataSource - @org.springframework.security.access.prepost.PreAuthorize("hasRole(\'TEACHER\')") found on specific method: public com.vtr.common.Result com.vtr.controller.LearningResourceController.pendingAttempts(java.lang.Long,java.lang.Long)
2026-09-05 20:21:27 [main] DEBUG o.s.s.a.m.DelegatingMethodSecurityMetadataSource - Caching method [CacheKey[com.vtr.controller.LearningResourceController; public com.vtr.common.Result com.vtr.controller.LearningResourceController.pendingAttempts(java.lang.Long,java.lang.Long)]] with attributes [[authorize: 'hasRole('TEACHER')', filter: 'null', filterTarget: 'null']]
2026-09-05 20:21:27 [main] DEBUG o.s.s.a.p.PrePostAnnotationSecurityMetadataSource - @org.springframework.security.access.prepost.PreAuthorize("hasRole(\'STUDENT\')") found on specific method: public com.vtr.common.Result com.vtr.controller.LearningResourceController.myMistakes(java.lang.Long)
2026-09-05 20:21:27 [main] DEBUG o.s.s.a.m.DelegatingMethodSecurityMetadataSource - Caching method [CacheKey[com.vtr.controller.LearningResourceController; public com.vtr.common.Result com.vtr.controller.LearningResourceController.myMistakes(java.lang.Long)]] with attributes [[authorize: 'hasRole('STUDENT')', filter: 'null', filterTarget: 'null']]
2026-09-05 20:21:27 [main] DEBUG o.s.s.a.p.PrePostAnnotationSecurityMetadataSource - @org.springframework.security.access.prepost.PreAuthorize("hasAnyRole(\'TEACHER\', \'ADMIN\', \'SUPER_ADMIN\')") found on specific method: public com.vtr.common.Result com.vtr.controller.LearningResourceController.statistics(java.lang.Long,java.lang.String,java.lang.Long)
2026-09-05 20:21:27 [main] DEBUG o.s.s.a.m.DelegatingMethodSecurityMetadataSource - Caching method [CacheKey[com.vtr.controller.LearningResourceController; public com.vtr.common.Result com.vtr.controller.LearningResourceController.statistics(java.lang.Long,java.lang.String,java.lang.Long)]] with attributes [[authorize: 'hasAnyRole('TEACHER', 'ADMIN', 'SUPER_ADMIN')', filter: 'null', filterTarget: 'null']]
2026-09-05 20:21:27 [main] DEBUG o.s.s.a.p.PrePostAnnotationSecurityMetadataSource - @org.springframework.security.access.prepost.PreAuthorize("hasAnyRole(\'ADMIN\', \'SUPER_ADMIN\')") found on specific method: public com.vtr.common.Result com.vtr.controller.NoticeAttachmentController.add(java.lang.Long,com.vtr.controller.NoticeAttachmentController$AttachmentRequest)
2026-09-05 20:21:27 [main] DEBUG o.s.s.a.m.DelegatingMethodSecurityMetadataSource - Caching method [CacheKey[com.vtr.controller.NoticeAttachmentController; public com.vtr.common.Result com.vtr.controller.NoticeAttachmentController.add(java.lang.Long,com.vtr.controller.NoticeAttachmentController$AttachmentRequest)]] with attributes [[authorize: 'hasAnyRole('ADMIN', 'SUPER_ADMIN')', filter: 'null', filterTarget: 'null']]
2026-09-05 20:21:27 [main] DEBUG o.s.s.a.p.PrePostAnnotationSecurityMetadataSource - @org.springframework.security.access.prepost.PreAuthorize("hasAnyRole(\'ADMIN\', \'SUPER_ADMIN\')") found on specific method: public com.vtr.common.Result com.vtr.controller.NoticeAttachmentController.delete(java.lang.Long,java.lang.Long)
2026-09-05 20:21:27 [main] DEBUG o.s.s.a.m.DelegatingMethodSecurityMetadataSource - Caching method [CacheKey[com.vtr.controller.NoticeAttachmentController; public com.vtr.common.Result com.vtr.controller.NoticeAttachmentController.delete(java.lang.Long,java.lang.Long)]] with attributes [[authorize: 'hasAnyRole('ADMIN', 'SUPER_ADMIN')', filter: 'null', filterTarget: 'null']]
2026-09-05 20:21:27 [main] DEBUG o.s.s.a.p.PrePostAnnotationSecurityMetadataSource - @org.springframework.security.access.prepost.PreAuthorize("hasAnyRole(\'ADMIN\', \'SUPER_ADMIN\')") found on specific method: public com.vtr.common.Result com.vtr.controller.NoticeController.update(java.lang.Long,com.vtr.dto.NoticeUpdateDTO)
2026-09-05 20:21:27 [main] DEBUG o.s.s.a.m.DelegatingMethodSecurityMetadataSource - Caching method [CacheKey[com.vtr.controller.NoticeController; public com.vtr.common.Result com.vtr.controller.NoticeController.update(java.lang.Long,com.vtr.dto.NoticeUpdateDTO)]] with attributes [[authorize: 'hasAnyRole('ADMIN', 'SUPER_ADMIN')', filter: 'null', filterTarget: 'null']]
2026-09-05 20:21:27 [main] DEBUG o.s.s.a.p.PrePostAnnotationSecurityMetadataSource - @org.springframework.security.access.prepost.PreAuthorize("hasAnyRole(\'ADMIN\', \'SUPER_ADMIN\')") found on specific method: public com.vtr.common.Result com.vtr.controller.NoticeController.delete(java.lang.Long)
2026-09-05 20:21:27 [main] DEBUG o.s.s.a.m.DelegatingMethodSecurityMetadataSource - Caching method [CacheKey[com.vtr.controller.NoticeController; public com.vtr.common.Result com.vtr.controller.NoticeController.delete(java.lang.Long)]] with attributes [[authorize: 'hasAnyRole('ADMIN', 'SUPER_ADMIN')', filter: 'null', filterTarget: 'null']]
2026-09-05 20:21:27 [main] DEBUG o.s.s.a.p.PrePostAnnotationSecurityMetadataSource - @org.springframework.security.access.prepost.PreAuthorize("hasAnyRole(\'ADMIN\', \'SUPER_ADMIN\')") found on specific method: public com.vtr.common.Result com.vtr.controller.NoticeController.create(com.vtr.dto.NoticeCreateDTO)
2026-09-05 20:21:27 [main] DEBUG o.s.s.a.m.DelegatingMethodSecurityMetadataSource - Caching method [CacheKey[com.vtr.controller.NoticeController; public com.vtr.common.Result com.vtr.controller.NoticeController.create(com.vtr.dto.NoticeCreateDTO)]] with attributes [[authorize: 'hasAnyRole('ADMIN', 'SUPER_ADMIN')', filter: 'null', filterTarget: 'null']]
2026-09-05 20:21:27 [main] DEBUG o.s.s.a.p.PrePostAnnotationSecurityMetadataSource - @org.springframework.security.access.prepost.PreAuthorize("hasAnyRole(\'ADMIN\', \'SUPER_ADMIN\')") found on specific method: public com.vtr.common.Result com.vtr.controller.NoticeController.publish(java.lang.Long)
2026-09-05 20:21:27 [main] DEBUG o.s.s.a.m.DelegatingMethodSecurityMetadataSource - Caching method [CacheKey[com.vtr.controller.NoticeController; public com.vtr.common.Result com.vtr.controller.NoticeController.publish(java.lang.Long)]] with attributes [[authorize: 'hasAnyRole('ADMIN', 'SUPER_ADMIN')', filter: 'null', filterTarget: 'null']]
2026-09-05 20:21:27 [main] DEBUG o.s.s.a.p.PrePostAnnotationSecurityMetadataSource - @org.springframework.security.access.prepost.PreAuthorize("hasAnyRole(\'ADMIN\', \'SUPER_ADMIN\')") found on specific method: public com.vtr.common.Result com.vtr.controller.NoticeController.pin(java.lang.Long,java.lang.Boolean)
2026-09-05 20:21:27 [main] DEBUG o.s.s.a.m.DelegatingMethodSecurityMetadataSource - Caching method [CacheKey[com.vtr.controller.NoticeController; public com.vtr.common.Result com.vtr.controller.NoticeController.pin(java.lang.Long,java.lang.Boolean)]] with attributes [[authorize: 'hasAnyRole('ADMIN', 'SUPER_ADMIN')', filter: 'null', filterTarget: 'null']]
2026-09-05 20:21:27 [main] DEBUG o.s.s.a.p.PrePostAnnotationSecurityMetadataSource - @org.springframework.security.access.prepost.PreAuthorize("hasAnyRole(\'ADMIN\', \'SUPER_ADMIN\')") found on specific method: public com.vtr.common.Result com.vtr.controller.NoticeController.withdraw(java.lang.Long)
2026-09-05 20:21:27 [main] DEBUG o.s.s.a.m.DelegatingMethodSecurityMetadataSource - Caching method [CacheKey[com.vtr.controller.NoticeController; public com.vtr.common.Result com.vtr.controller.NoticeController.withdraw(java.lang.Long)]] with attributes [[authorize: 'hasAnyRole('ADMIN', 'SUPER_ADMIN')', filter: 'null', filterTarget: 'null']]
2026-09-05 20:21:27 [main] DEBUG o.s.s.a.p.PrePostAnnotationSecurityMetadataSource - @org.springframework.security.access.prepost.PreAuthorize("isAuthenticated()") found on specific method: public com.vtr.common.Result com.vtr.controller.NotificationController.deleteNotifications(java.util.List)
2026-09-05 20:21:27 [main] DEBUG o.s.s.a.m.DelegatingMethodSecurityMetadataSource - Caching method [CacheKey[com.vtr.controller.NotificationController; public com.vtr.common.Result com.vtr.controller.NotificationController.deleteNotifications(java.util.List)]] with attributes [[authorize: 'isAuthenticated()', filter: 'null', filterTarget: 'null']]
2026-09-05 20:21:27 [main] DEBUG o.s.s.a.p.PrePostAnnotationSecurityMetadataSource - @org.springframework.security.access.prepost.PreAuthorize("isAuthenticated()") found on specific method: public com.vtr.common.Result com.vtr.controller.NotificationController.markAsRead(java.lang.Long)
2026-09-05 20:21:27 [main] DEBUG o.s.s.a.m.DelegatingMethodSecurityMetadataSource - Caching method [CacheKey[com.vtr.controller.NotificationController; public com.vtr.common.Result com.vtr.controller.NotificationController.markAsRead(java.lang.Long)]] with attributes [[authorize: 'isAuthenticated()', filter: 'null', filterTarget: 'null']]
2026-09-05 20:21:27 [main] DEBUG o.s.s.a.p.PrePostAnnotationSecurityMetadataSource - @org.springframework.security.access.prepost.PreAuthorize("isAuthenticated()") found on specific method: public com.vtr.common.Result com.vtr.controller.NotificationController.getMyNotifications(java.lang.Integer,java.lang.Integer,java.lang.String,java.lang.Boolean)
2026-09-05 20:21:27 [main] DEBUG o.s.s.a.m.DelegatingMethodSecurityMetadataSource - Caching method [CacheKey[com.vtr.controller.NotificationController; public com.vtr.common.Result com.vtr.controller.NotificationController.getMyNotifications(java.lang.Integer,java.lang.Integer,java.lang.String,java.lang.Boolean)]] with attributes [[authorize: 'isAuthenticated()', filter: 'null', filterTarget: 'null']]
2026-09-05 20:21:27 [main] DEBUG o.s.s.a.p.PrePostAnnotationSecurityMetadataSource - @org.springframework.security.access.prepost.PreAuthorize("isAuthenticated()") found on specific method: public com.vtr.common.Result com.vtr.controller.NotificationController.getUnreadCount()
2026-09-05 20:21:27 [main] DEBUG o.s.s.a.m.DelegatingMethodSecurityMetadataSource - Caching method [CacheKey[com.vtr.controller.NotificationController; public com.vtr.common.Result com.vtr.controller.NotificationController.getUnreadCount()]] with attributes [[authorize: 'isAuthenticated()', filter: 'null', filterTarget: 'null']]
2026-09-05 20:21:27 [main] DEBUG o.s.s.a.p.PrePostAnnotationSecurityMetadataSource - @org.springframework.security.access.prepost.PreAuthorize("isAuthenticated()") found on specific method: public com.vtr.common.Result com.vtr.controller.NotificationController.markAllAsRead()
2026-09-05 20:21:27 [main] DEBUG o.s.s.a.m.DelegatingMethodSecurityMetadataSource - Caching method [CacheKey[com.vtr.controller.NotificationController; public com.vtr.common.Result com.vtr.controller.NotificationController.markAllAsRead()]] with attributes [[authorize: 'isAuthenticated()', filter: 'null', filterTarget: 'null']]
2026-09-05 20:21:27 [main] DEBUG o.s.s.a.p.PrePostAnnotationSecurityMetadataSource - @org.springframework.security.access.prepost.PreAuthorize("isAuthenticated()") found on specific method: public com.vtr.common.Result com.vtr.controller.NotificationController.deleteNotification(java.lang.Long)
2026-09-05 20:21:27 [main] DEBUG o.s.s.a.m.DelegatingMethodSecurityMetadataSource - Caching method [CacheKey[com.vtr.controller.NotificationController; public com.vtr.common.Result com.vtr.controller.NotificationController.deleteNotification(java.lang.Long)]] with attributes [[authorize: 'isAuthenticated()', filter: 'null', filterTarget: 'null']]
2026-09-05 20:21:27 [main] DEBUG o.s.s.a.p.PrePostAnnotationSecurityMetadataSource - @org.springframework.security.access.prepost.PreAuthorize("hasRole(\'TEACHER\')") found on specific method: public com.vtr.common.Result com.vtr.controller.QuestionDocumentController.parseDocument(java.lang.Long,java.lang.Long,org.springframework.web.multipart.MultipartFile)
2026-09-05 20:21:27 [main] DEBUG o.s.s.a.m.DelegatingMethodSecurityMetadataSource - Caching method [CacheKey[com.vtr.controller.QuestionDocumentController; public com.vtr.common.Result com.vtr.controller.QuestionDocumentController.parseDocument(java.lang.Long,java.lang.Long,org.springframework.web.multipart.MultipartFile)]] with attributes [[authorize: 'hasRole('TEACHER')', filter: 'null', filterTarget: 'null']]
2026-09-05 20:21:27 [main] DEBUG o.s.s.a.p.PrePostAnnotationSecurityMetadataSource - @org.springframework.security.access.prepost.PreAuthorize("hasAnyRole(\'TEACHER\',\'ADMIN\',\'SUPER_ADMIN\')") found on specific method: public com.vtr.common.Result com.vtr.controller.ResearchTaskController.list(java.lang.Long)
2026-09-05 20:21:27 [main] DEBUG o.s.s.a.m.DelegatingMethodSecurityMetadataSource - Caching method [CacheKey[com.vtr.controller.ResearchTaskController; public com.vtr.common.Result com.vtr.controller.ResearchTaskController.list(java.lang.Long)]] with attributes [[authorize: 'hasAnyRole('TEACHER','ADMIN','SUPER_ADMIN')', filter: 'null', filterTarget: 'null']]
2026-09-05 20:21:27 [main] DEBUG o.s.s.a.p.PrePostAnnotationSecurityMetadataSource - @org.springframework.security.access.prepost.PreAuthorize("hasAnyRole(\'TEACHER\',\'ADMIN\',\'SUPER_ADMIN\')") found on specific method: public com.vtr.common.Result com.vtr.controller.ResearchTaskController.archive(java.lang.Long)
2026-09-05 20:21:27 [main] DEBUG o.s.s.a.m.DelegatingMethodSecurityMetadataSource - Caching method [CacheKey[com.vtr.controller.ResearchTaskController; public com.vtr.common.Result com.vtr.controller.ResearchTaskController.archive(java.lang.Long)]] with attributes [[authorize: 'hasAnyRole('TEACHER','ADMIN','SUPER_ADMIN')', filter: 'null', filterTarget: 'null']]
2026-09-05 20:21:27 [main] DEBUG o.s.s.a.p.PrePostAnnotationSecurityMetadataSource - @org.springframework.security.access.prepost.PreAuthorize("hasAnyRole(\'TEACHER\',\'ADMIN\',\'SUPER_ADMIN\')") found on specific method: public com.vtr.common.Result com.vtr.controller.ResearchTaskController.create(com.vtr.controller.ResearchTaskController$CreateTaskRequest)
2026-09-05 20:21:27 [main] DEBUG o.s.s.a.m.DelegatingMethodSecurityMetadataSource - Caching method [CacheKey[com.vtr.controller.ResearchTaskController; public com.vtr.common.Result com.vtr.controller.ResearchTaskController.create(com.vtr.controller.ResearchTaskController$CreateTaskRequest)]] with attributes [[authorize: 'hasAnyRole('TEACHER','ADMIN','SUPER_ADMIN')', filter: 'null', filterTarget: 'null']]
2026-09-05 20:21:27 [main] DEBUG o.s.s.a.p.PrePostAnnotationSecurityMetadataSource - @org.springframework.security.access.prepost.PreAuthorize("hasAnyRole(\'TEACHER\',\'ADMIN\',\'SUPER_ADMIN\')") found on specific method: public com.vtr.common.Result com.vtr.controller.ResearchTaskController.submit(java.lang.Long,com.vtr.controller.ResearchTaskController$SubmitTaskRequest)
2026-09-05 20:21:27 [main] DEBUG o.s.s.a.m.DelegatingMethodSecurityMetadataSource - Caching method [CacheKey[com.vtr.controller.ResearchTaskController; public com.vtr.common.Result com.vtr.controller.ResearchTaskController.submit(java.lang.Long,com.vtr.controller.ResearchTaskController$SubmitTaskRequest)]] with attributes [[authorize: 'hasAnyRole('TEACHER','ADMIN','SUPER_ADMIN')', filter: 'null', filterTarget: 'null']]
2026-09-05 20:21:27 [main] DEBUG o.s.s.a.p.PrePostAnnotationSecurityMetadataSource - @org.springframework.security.access.prepost.PreAuthorize("hasAnyRole(\'TEACHER\',\'ADMIN\',\'SUPER_ADMIN\')") found on specific method: public com.vtr.common.Result com.vtr.controller.ResearchTaskController.review(java.lang.Long,java.lang.Long,com.vtr.controller.ResearchTaskController$ReviewTaskRequest)
2026-09-05 20:21:27 [main] DEBUG o.s.s.a.m.DelegatingMethodSecurityMetadataSource - Caching method [CacheKey[com.vtr.controller.ResearchTaskController; public com.vtr.common.Result com.vtr.controller.ResearchTaskController.review(java.lang.Long,java.lang.Long,com.vtr.controller.ResearchTaskController$ReviewTaskRequest)]] with attributes [[authorize: 'hasAnyRole('TEACHER','ADMIN','SUPER_ADMIN')', filter: 'null', filterTarget: 'null']]
2026-09-05 20:21:27 [main] DEBUG o.s.s.a.p.PrePostAnnotationSecurityMetadataSource - @org.springframework.security.access.prepost.PreAuthorize("hasAnyRole(\'TEACHER\',\'ADMIN\',\'SUPER_ADMIN\')") found on specific method: public com.vtr.common.Result com.vtr.controller.ResearchTaskController.submissions(java.lang.Long)
2026-09-05 20:21:27 [main] DEBUG o.s.s.a.m.DelegatingMethodSecurityMetadataSource - Caching method [CacheKey[com.vtr.controller.ResearchTaskController; public com.vtr.common.Result com.vtr.controller.ResearchTaskController.submissions(java.lang.Long)]] with attributes [[authorize: 'hasAnyRole('TEACHER','ADMIN','SUPER_ADMIN')', filter: 'null', filterTarget: 'null']]
2026-09-05 20:21:27 [main] DEBUG o.s.s.a.p.PrePostAnnotationSecurityMetadataSource - @org.springframework.security.access.prepost.PreAuthorize("hasAnyRole(\'TEACHER\',\'ADMIN\',\'SUPER_ADMIN\')") found on specific method: public com.vtr.common.Result com.vtr.controller.ResearchTaskController.claim(java.lang.Long)
2026-09-05 20:21:27 [main] DEBUG o.s.s.a.m.DelegatingMethodSecurityMetadataSource - Caching method [CacheKey[com.vtr.controller.ResearchTaskController; public com.vtr.common.Result com.vtr.controller.ResearchTaskController.claim(java.lang.Long)]] with attributes [[authorize: 'hasAnyRole('TEACHER','ADMIN','SUPER_ADMIN')', filter: 'null', filterTarget: 'null']]
2026-09-05 20:21:27 [main] DEBUG o.s.s.a.p.PrePostAnnotationSecurityMetadataSource - @org.springframework.security.access.prepost.PreAuthorize("hasAnyRole(\'ADMIN\',\'SUPER_ADMIN\')") found on specific method: public com.vtr.common.Result com.vtr.controller.SchoolController.update(java.lang.Long,com.vtr.dto.SchoolUpsertDTO)
2026-09-05 20:21:27 [main] DEBUG o.s.s.a.m.DelegatingMethodSecurityMetadataSource - Caching method [CacheKey[com.vtr.controller.SchoolController; public com.vtr.common.Result com.vtr.controller.SchoolController.update(java.lang.Long,com.vtr.dto.SchoolUpsertDTO)]] with attributes [[authorize: 'hasAnyRole('ADMIN','SUPER_ADMIN')', filter: 'null', filterTarget: 'null']]
2026-09-05 20:21:27 [main] DEBUG o.s.s.a.p.PrePostAnnotationSecurityMetadataSource - @org.springframework.security.access.prepost.PreAuthorize("hasAnyRole(\'ADMIN\',\'SUPER_ADMIN\')") found on specific method: public com.vtr.common.Result com.vtr.controller.SchoolController.list()
2026-09-05 20:21:27 [main] DEBUG o.s.s.a.m.DelegatingMethodSecurityMetadataSource - Caching method [CacheKey[com.vtr.controller.SchoolController; public com.vtr.common.Result com.vtr.controller.SchoolController.list()]] with attributes [[authorize: 'hasAnyRole('ADMIN','SUPER_ADMIN')', filter: 'null', filterTarget: 'null']]
2026-09-05 20:21:27 [main] DEBUG o.s.s.a.p.PrePostAnnotationSecurityMetadataSource - @org.springframework.security.access.prepost.PreAuthorize("hasAnyRole(\'ADMIN\',\'SUPER_ADMIN\')") found on specific method: public com.vtr.common.Result com.vtr.controller.SchoolController.status(java.lang.Long,java.lang.String)
2026-09-05 20:21:27 [main] DEBUG o.s.s.a.m.DelegatingMethodSecurityMetadataSource - Caching method [CacheKey[com.vtr.controller.SchoolController; public com.vtr.common.Result com.vtr.controller.SchoolController.status(java.lang.Long,java.lang.String)]] with attributes [[authorize: 'hasAnyRole('ADMIN','SUPER_ADMIN')', filter: 'null', filterTarget: 'null']]
2026-09-05 20:21:27 [main] DEBUG o.s.s.a.p.PrePostAnnotationSecurityMetadataSource - @org.springframework.security.access.prepost.PreAuthorize("hasAnyRole(\'ADMIN\',\'SUPER_ADMIN\')") found on specific method: public com.vtr.common.Result com.vtr.controller.SchoolController.create(com.vtr.dto.SchoolUpsertDTO)
2026-09-05 20:21:27 [main] DEBUG o.s.s.a.m.DelegatingMethodSecurityMetadataSource - Caching method [CacheKey[com.vtr.controller.SchoolController; public com.vtr.common.Result com.vtr.controller.SchoolController.create(com.vtr.dto.SchoolUpsertDTO)]] with attributes [[authorize: 'hasAnyRole('ADMIN','SUPER_ADMIN')', filter: 'null', filterTarget: 'null']]
2026-09-05 20:21:27 [main] DEBUG o.s.s.a.p.PrePostAnnotationSecurityMetadataSource - @org.springframework.security.access.prepost.PreAuthorize("hasAnyRole(\'TEACHER\', \'ADMIN\', \'SUPER_ADMIN\')") found on specific method: public com.vtr.common.Result com.vtr.controller.SubmissionController.list(com.vtr.dto.SubmissionQueryDTO)
2026-09-05 20:21:27 [main] DEBUG o.s.s.a.m.DelegatingMethodSecurityMetadataSource - Caching method [CacheKey[com.vtr.controller.SubmissionController; public com.vtr.common.Result com.vtr.controller.SubmissionController.list(com.vtr.dto.SubmissionQueryDTO)]] with attributes [[authorize: 'hasAnyRole('TEACHER', 'ADMIN', 'SUPER_ADMIN')', filter: 'null', filterTarget: 'null']]
2026-09-05 20:21:27 [main] DEBUG o.s.s.a.p.PrePostAnnotationSecurityMetadataSource - @org.springframework.security.access.prepost.PreAuthorize("hasRole(\'STUDENT\')") found on specific method: public com.vtr.common.Result com.vtr.controller.SubmissionController.submit(java.lang.Long,com.vtr.dto.SubmissionDTO)
2026-09-05 20:21:27 [main] DEBUG o.s.s.a.m.DelegatingMethodSecurityMetadataSource - Caching method [CacheKey[com.vtr.controller.SubmissionController; public com.vtr.common.Result com.vtr.controller.SubmissionController.submit(java.lang.Long,com.vtr.dto.SubmissionDTO)]] with attributes [[authorize: 'hasRole('STUDENT')', filter: 'null', filterTarget: 'null']]
2026-09-05 20:21:27 [main] DEBUG o.s.s.a.p.PrePostAnnotationSecurityMetadataSource - @org.springframework.security.access.prepost.PreAuthorize("hasAnyRole(\'TEACHER\', \'ADMIN\', \'SUPER_ADMIN\')") found on specific method: public com.vtr.common.Result com.vtr.controller.SubmissionController.manualReview(java.lang.Long,com.vtr.dto.ManualReviewDTO)
2026-09-05 20:21:27 [main] DEBUG o.s.s.a.m.DelegatingMethodSecurityMetadataSource - Caching method [CacheKey[com.vtr.controller.SubmissionController; public com.vtr.common.Result com.vtr.controller.SubmissionController.manualReview(java.lang.Long,com.vtr.dto.ManualReviewDTO)]] with attributes [[authorize: 'hasAnyRole('TEACHER', 'ADMIN', 'SUPER_ADMIN')', filter: 'null', filterTarget: 'null']]
2026-09-05 20:21:27 [main] DEBUG o.s.s.a.p.PrePostAnnotationSecurityMetadataSource - @org.springframework.security.access.prepost.PreAuthorize("hasAnyRole(\'TEACHER\', \'ADMIN\', \'SUPER_ADMIN\')") found on specific method: public com.vtr.common.Result com.vtr.controller.SubmissionController.getAllSubmissions(java.lang.Long,com.vtr.dto.SubmissionQueryDTO)
2026-09-05 20:21:27 [main] DEBUG o.s.s.a.m.DelegatingMethodSecurityMetadataSource - Caching method [CacheKey[com.vtr.controller.SubmissionController; public com.vtr.common.Result com.vtr.controller.SubmissionController.getAllSubmissions(java.lang.Long,com.vtr.dto.SubmissionQueryDTO)]] with attributes [[authorize: 'hasAnyRole('TEACHER', 'ADMIN', 'SUPER_ADMIN')', filter: 'null', filterTarget: 'null']]
2026-09-05 20:21:27 [main] DEBUG o.s.s.a.p.PrePostAnnotationSecurityMetadataSource - @org.springframework.security.access.prepost.PreAuthorize("hasRole(\'STUDENT\')") found on specific method: public com.vtr.common.Result com.vtr.controller.SubmissionController.getMySubmissions(java.lang.Long)
2026-09-05 20:21:27 [main] DEBUG o.s.s.a.m.DelegatingMethodSecurityMetadataSource - Caching method [CacheKey[com.vtr.controller.SubmissionController; public com.vtr.common.Result com.vtr.controller.SubmissionController.getMySubmissions(java.lang.Long)]] with attributes [[authorize: 'hasRole('STUDENT')', filter: 'null', filterTarget: 'null']]
2026-09-05 20:21:27 [main] DEBUG o.s.s.a.p.PrePostAnnotationSecurityMetadataSource - @org.springframework.security.access.prepost.PreAuthorize("hasAnyRole(\'TEACHER\', \'ADMIN\', \'SUPER_ADMIN\')") found on specific method: public com.vtr.common.Result com.vtr.controller.TeacherStudentController.getAvailableStudents(java.lang.Integer,java.lang.Integer,java.lang.String,java.lang.Long)
2026-09-05 20:21:27 [main] DEBUG o.s.s.a.m.DelegatingMethodSecurityMetadataSource - Caching method [CacheKey[com.vtr.controller.TeacherStudentController; public com.vtr.common.Result com.vtr.controller.TeacherStudentController.getAvailableStudents(java.lang.Integer,java.lang.Integer,java.lang.String,java.lang.Long)]] with attributes [[authorize: 'hasAnyRole('TEACHER', 'ADMIN', 'SUPER_ADMIN')', filter: 'null', filterTarget: 'null']]
2026-09-05 20:21:27 [main] DEBUG o.s.s.a.p.PrePostAnnotationSecurityMetadataSource - @org.springframework.security.access.prepost.PreAuthorize("hasAnyRole(\'TEACHER\', \'ADMIN\', \'SUPER_ADMIN\')") found on specific method: public com.vtr.common.Result com.vtr.controller.TeacherStudentController.searchStudentByStudentId(java.lang.String)
2026-09-05 20:21:27 [main] DEBUG o.s.s.a.m.DelegatingMethodSecurityMetadataSource - Caching method [CacheKey[com.vtr.controller.TeacherStudentController; public com.vtr.common.Result com.vtr.controller.TeacherStudentController.searchStudentByStudentId(java.lang.String)]] with attributes [[authorize: 'hasAnyRole('TEACHER', 'ADMIN', 'SUPER_ADMIN')', filter: 'null', filterTarget: 'null']]
2026-09-05 20:21:27 [main] DEBUG o.s.s.a.p.PrePostAnnotationSecurityMetadataSource - @org.springframework.security.access.prepost.PreAuthorize("hasAnyRole(\'TEACHER\', \'ADMIN\', \'SUPER_ADMIN\')") found on specific method: public com.vtr.common.Result com.vtr.controller.TeacherStudentController.addStudentToTeacher(com.vtr.dto.AddStudentDTO)
2026-09-05 20:21:27 [main] DEBUG o.s.s.a.m.DelegatingMethodSecurityMetadataSource - Caching method [CacheKey[com.vtr.controller.TeacherStudentController; public com.vtr.common.Result com.vtr.controller.TeacherStudentController.addStudentToTeacher(com.vtr.dto.AddStudentDTO)]] with attributes [[authorize: 'hasAnyRole('TEACHER', 'ADMIN', 'SUPER_ADMIN')', filter: 'null', filterTarget: 'null']]
2026-09-05 20:21:27 [main] DEBUG o.s.s.a.p.PrePostAnnotationSecurityMetadataSource - @org.springframework.security.access.prepost.PreAuthorize("hasAnyRole(\'TEACHER\', \'ADMIN\', \'SUPER_ADMIN\')") found on specific method: public com.vtr.common.Result com.vtr.controller.TeacherStudentController.batchImportStudents(com.vtr.dto.BatchImportStudentDTO)
2026-09-05 20:21:27 [main] DEBUG o.s.s.a.m.DelegatingMethodSecurityMetadataSource - Caching method [CacheKey[com.vtr.controller.TeacherStudentController; public com.vtr.common.Result com.vtr.controller.TeacherStudentController.batchImportStudents(com.vtr.dto.BatchImportStudentDTO)]] with attributes [[authorize: 'hasAnyRole('TEACHER', 'ADMIN', 'SUPER_ADMIN')', filter: 'null', filterTarget: 'null']]
2026-09-05 20:21:27 [main] DEBUG o.s.s.a.p.PrePostAnnotationSecurityMetadataSource - @org.springframework.security.access.prepost.PreAuthorize("hasAnyRole(\'TEACHER\', \'ADMIN\', \'SUPER_ADMIN\')") found on specific method: public com.vtr.common.Result com.vtr.controller.TeacherStudentController.getStudentClassroom(java.lang.Long)
2026-09-05 20:21:27 [main] DEBUG o.s.s.a.m.DelegatingMethodSecurityMetadataSource - Caching method [CacheKey[com.vtr.controller.TeacherStudentController; public com.vtr.common.Result com.vtr.controller.TeacherStudentController.getStudentClassroom(java.lang.Long)]] with attributes [[authorize: 'hasAnyRole('TEACHER', 'ADMIN', 'SUPER_ADMIN')', filter: 'null', filterTarget: 'null']]
2026-09-05 20:21:27 [main] DEBUG o.s.s.a.p.PrePostAnnotationSecurityMetadataSource - @org.springframework.security.access.prepost.PreAuthorize("hasAnyRole(\'TEACHER\', \'ADMIN\', \'SUPER_ADMIN\')") found on specific method: public com.vtr.common.Result com.vtr.controller.TeacherStudentController.changeStudentClassroom(com.vtr.dto.ChangeClassroomDTO)
2026-09-05 20:21:27 [main] DEBUG o.s.s.a.m.DelegatingMethodSecurityMetadataSource - Caching method [CacheKey[com.vtr.controller.TeacherStudentController; public com.vtr.common.Result com.vtr.controller.TeacherStudentController.changeStudentClassroom(com.vtr.dto.ChangeClassroomDTO)]] with attributes [[authorize: 'hasAnyRole('TEACHER', 'ADMIN', 'SUPER_ADMIN')', filter: 'null', filterTarget: 'null']]
2026-09-05 20:21:27 [main] DEBUG o.s.s.a.p.PrePostAnnotationSecurityMetadataSource - @org.springframework.security.access.prepost.PreAuthorize("hasAnyRole(\'TEACHER\', \'ADMIN\', \'SUPER_ADMIN\')") found on specific method: public com.vtr.common.Result com.vtr.controller.TeacherStudentController.removeStudentFromTeacher(java.lang.Long)
2026-09-05 20:21:27 [main] DEBUG o.s.s.a.m.DelegatingMethodSecurityMetadataSource - Caching method [CacheKey[com.vtr.controller.TeacherStudentController; public com.vtr.common.Result com.vtr.controller.TeacherStudentController.removeStudentFromTeacher(java.lang.Long)]] with attributes [[authorize: 'hasAnyRole('TEACHER', 'ADMIN', 'SUPER_ADMIN')', filter: 'null', filterTarget: 'null']]
2026-09-05 20:21:27 [main] DEBUG o.s.s.a.p.PrePostAnnotationSecurityMetadataSource - @org.springframework.security.access.prepost.PreAuthorize("hasAnyRole(\'TEACHER\', \'ADMIN\', \'SUPER_ADMIN\')") found on specific method: public com.vtr.common.Result com.vtr.controller.TeacherStudentController.getClassroomStudentIds(java.lang.Long)
2026-09-05 20:21:27 [main] DEBUG o.s.s.a.m.DelegatingMethodSecurityMetadataSource - Caching method [CacheKey[com.vtr.controller.TeacherStudentController; public com.vtr.common.Result com.vtr.controller.TeacherStudentController.getClassroomStudentIds(java.lang.Long)]] with attributes [[authorize: 'hasAnyRole('TEACHER', 'ADMIN', 'SUPER_ADMIN')', filter: 'null', filterTarget: 'null']]
2026-09-05 20:21:27 [main] DEBUG o.s.s.a.p.PrePostAnnotationSecurityMetadataSource - @org.springframework.security.access.prepost.PreAuthorize("hasRole(\'STUDENT\')") found on specific method: public com.vtr.common.Result com.vtr.controller.TeacherStudentController.getMyTeachers()
2026-09-05 20:21:27 [main] DEBUG o.s.s.a.m.DelegatingMethodSecurityMetadataSource - Caching method [CacheKey[com.vtr.controller.TeacherStudentController; public com.vtr.common.Result com.vtr.controller.TeacherStudentController.getMyTeachers()]] with attributes [[authorize: 'hasRole('STUDENT')', filter: 'null', filterTarget: 'null']]
2026-09-05 20:21:27 [main] DEBUG o.s.s.a.p.PrePostAnnotationSecurityMetadataSource - @org.springframework.security.access.prepost.PreAuthorize("hasAnyRole(\'TEACHER\', \'ADMIN\', \'SUPER_ADMIN\')") found on specific method: public com.vtr.common.Result com.vtr.controller.TeacherStudentController.getMyStudents(java.lang.Integer,java.lang.Integer,java.lang.String,java.lang.Long)
2026-09-05 20:21:27 [main] DEBUG o.s.s.a.m.DelegatingMethodSecurityMetadataSource - Caching method [CacheKey[com.vtr.controller.TeacherStudentController; public com.vtr.common.Result com.vtr.controller.TeacherStudentController.getMyStudents(java.lang.Integer,java.lang.Integer,java.lang.String,java.lang.Long)]] with attributes [[authorize: 'hasAnyRole('TEACHER', 'ADMIN', 'SUPER_ADMIN')', filter: 'null', filterTarget: 'null']]
2026-09-05 20:21:27 [main] DEBUG o.s.s.a.p.PrePostAnnotationSecurityMetadataSource - @org.springframework.security.access.prepost.PreAuthorize("hasAnyRole(\'TEACHER\', \'ADMIN\', \'SUPER_ADMIN\')") found on specific method: public com.vtr.common.Result com.vtr.controller.TeacherStudentController.getMyStudentIds()
2026-09-05 20:21:27 [main] DEBUG o.s.s.a.m.DelegatingMethodSecurityMetadataSource - Caching method [CacheKey[com.vtr.controller.TeacherStudentController; public com.vtr.common.Result com.vtr.controller.TeacherStudentController.getMyStudentIds()]] with attributes [[authorize: 'hasAnyRole('TEACHER', 'ADMIN', 'SUPER_ADMIN')', filter: 'null', filterTarget: 'null']]
2026-09-05 20:21:27 [main] DEBUG o.s.s.a.p.PrePostAnnotationSecurityMetadataSource - @org.springframework.security.access.prepost.PreAuthorize("isAuthenticated()") found on specific method: public com.vtr.common.Result com.vtr.controller.TeachingActivityController.cancelJoinActivity(java.lang.Long)
2026-09-05 20:21:27 [main] DEBUG o.s.s.a.m.DelegatingMethodSecurityMetadataSource - Caching method [CacheKey[com.vtr.controller.TeachingActivityController; public com.vtr.common.Result com.vtr.controller.TeachingActivityController.cancelJoinActivity(java.lang.Long)]] with attributes [[authorize: 'isAuthenticated()', filter: 'null', filterTarget: 'null']]
2026-09-05 20:21:27 [main] DEBUG o.s.s.a.p.PrePostAnnotationSecurityMetadataSource - @org.springframework.security.access.prepost.PreAuthorize("hasAnyRole(\'ADMIN\', \'SUPER_ADMIN\')") found on specific method: public com.vtr.common.Result com.vtr.controller.TeachingActivityController.reviewActivity(java.lang.Long,com.vtr.dto.ActivityReviewDTO)
2026-09-05 20:21:27 [main] DEBUG o.s.s.a.m.DelegatingMethodSecurityMetadataSource - Caching method [CacheKey[com.vtr.controller.TeachingActivityController; public com.vtr.common.Result com.vtr.controller.TeachingActivityController.reviewActivity(java.lang.Long,com.vtr.dto.ActivityReviewDTO)]] with attributes [[authorize: 'hasAnyRole('ADMIN', 'SUPER_ADMIN')', filter: 'null', filterTarget: 'null']]
2026-09-05 20:21:27 [main] DEBUG o.s.s.a.p.PrePostAnnotationSecurityMetadataSource - @org.springframework.security.access.prepost.PreAuthorize("hasAnyRole(\'TEACHER\', \'ADMIN\', \'SUPER_ADMIN\')") found on specific method: public com.vtr.common.Result com.vtr.controller.TeachingActivityController.updateActivity(java.lang.Long,com.vtr.dto.ActivityUpdateDTO)
2026-09-05 20:21:27 [main] DEBUG o.s.s.a.m.DelegatingMethodSecurityMetadataSource - Caching method [CacheKey[com.vtr.controller.TeachingActivityController; public com.vtr.common.Result com.vtr.controller.TeachingActivityController.updateActivity(java.lang.Long,com.vtr.dto.ActivityUpdateDTO)]] with attributes [[authorize: 'hasAnyRole('TEACHER', 'ADMIN', 'SUPER_ADMIN')', filter: 'null', filterTarget: 'null']]
2026-09-05 20:21:27 [main] DEBUG o.s.s.a.p.PrePostAnnotationSecurityMetadataSource - @org.springframework.security.access.prepost.PreAuthorize("hasAnyRole(\'TEACHER\', \'ADMIN\', \'SUPER_ADMIN\')") found on specific method: public com.vtr.common.Result com.vtr.controller.TeachingActivityController.deleteActivity(java.lang.Long)
2026-09-05 20:21:27 [main] DEBUG o.s.s.a.m.DelegatingMethodSecurityMetadataSource - Caching method [CacheKey[com.vtr.controller.TeachingActivityController; public com.vtr.common.Result com.vtr.controller.TeachingActivityController.deleteActivity(java.lang.Long)]] with attributes [[authorize: 'hasAnyRole('TEACHER', 'ADMIN', 'SUPER_ADMIN')', filter: 'null', filterTarget: 'null']]
2026-09-05 20:21:27 [main] DEBUG o.s.s.a.p.PrePostAnnotationSecurityMetadataSource - @org.springframework.security.access.prepost.PreAuthorize("isAuthenticated()") found on specific method: public com.vtr.common.Result com.vtr.controller.TeachingActivityController.joinActivity(java.lang.Long)
2026-09-05 20:21:27 [main] DEBUG o.s.s.a.m.DelegatingMethodSecurityMetadataSource - Caching method [CacheKey[com.vtr.controller.TeachingActivityController; public com.vtr.common.Result com.vtr.controller.TeachingActivityController.joinActivity(java.lang.Long)]] with attributes [[authorize: 'isAuthenticated()', filter: 'null', filterTarget: 'null']]
2026-09-05 20:21:27 [main] DEBUG o.s.s.a.p.PrePostAnnotationSecurityMetadataSource - @org.springframework.security.access.prepost.PreAuthorize("isAuthenticated()") found on specific method: public com.vtr.common.Result com.vtr.controller.TeachingActivityController.checkIn(java.lang.Long)
2026-09-05 20:21:27 [main] DEBUG o.s.s.a.m.DelegatingMethodSecurityMetadataSource - Caching method [CacheKey[com.vtr.controller.TeachingActivityController; public com.vtr.common.Result com.vtr.controller.TeachingActivityController.checkIn(java.lang.Long)]] with attributes [[authorize: 'isAuthenticated()', filter: 'null', filterTarget: 'null']]
2026-09-05 20:21:27 [main] DEBUG o.s.s.a.p.PrePostAnnotationSecurityMetadataSource - @org.springframework.security.access.prepost.PreAuthorize("hasAnyRole(\'TEACHER\', \'ADMIN\', \'SUPER_ADMIN\')") found on specific method: public com.vtr.common.Result com.vtr.controller.TeachingActivityController.createActivity(com.vtr.dto.ActivityCreateDTO)
2026-09-05 20:21:27 [main] DEBUG o.s.s.a.m.DelegatingMethodSecurityMetadataSource - Caching method [CacheKey[com.vtr.controller.TeachingActivityController; public com.vtr.common.Result com.vtr.controller.TeachingActivityController.createActivity(com.vtr.dto.ActivityCreateDTO)]] with attributes [[authorize: 'hasAnyRole('TEACHER', 'ADMIN', 'SUPER_ADMIN')', filter: 'null', filterTarget: 'null']]
2026-09-05 20:21:27 [main] DEBUG o.s.s.a.p.PrePostAnnotationSecurityMetadataSource - @org.springframework.security.access.prepost.PreAuthorize("hasAnyRole(\'TEACHER\', \'ADMIN\', \'SUPER_ADMIN\')") found on specific method: public com.vtr.common.Result com.vtr.controller.TeachingActivityController.cancelActivity(java.lang.Long,java.lang.String)
2026-09-05 20:21:27 [main] DEBUG o.s.s.a.m.DelegatingMethodSecurityMetadataSource - Caching method [CacheKey[com.vtr.controller.TeachingActivityController; public com.vtr.common.Result com.vtr.controller.TeachingActivityController.cancelActivity(java.lang.Long,java.lang.String)]] with attributes [[authorize: 'hasAnyRole('TEACHER', 'ADMIN', 'SUPER_ADMIN')', filter: 'null', filterTarget: 'null']]
2026-09-05 20:21:27 [main] DEBUG o.s.s.a.p.PrePostAnnotationSecurityMetadataSource - @org.springframework.security.access.prepost.PreAuthorize("hasAnyRole(\'TEACHER\', \'ADMIN\', \'SUPER_ADMIN\')") found on specific method: public com.vtr.common.Result com.vtr.controller.TeachingActivityController.archiveActivity(java.lang.Long)
2026-09-05 20:21:27 [main] DEBUG o.s.s.a.m.DelegatingMethodSecurityMetadataSource - Caching method [CacheKey[com.vtr.controller.TeachingActivityController; public com.vtr.common.Result com.vtr.controller.TeachingActivityController.archiveActivity(java.lang.Long)]] with attributes [[authorize: 'hasAnyRole('TEACHER', 'ADMIN', 'SUPER_ADMIN')', filter: 'null', filterTarget: 'null']]
2026-09-05 20:21:27 [main] DEBUG o.s.s.a.p.PrePostAnnotationSecurityMetadataSource - @org.springframework.security.access.prepost.PreAuthorize("hasAnyRole(\'ADMIN\', \'SUPER_ADMIN\')") found on specific method: public com.vtr.common.Result com.vtr.controller.TeachingActivityController.updatePinned(java.lang.Long,boolean)
2026-09-05 20:21:27 [main] DEBUG o.s.s.a.m.DelegatingMethodSecurityMetadataSource - Caching method [CacheKey[com.vtr.controller.TeachingActivityController; public com.vtr.common.Result com.vtr.controller.TeachingActivityController.updatePinned(java.lang.Long,boolean)]] with attributes [[authorize: 'hasAnyRole('ADMIN', 'SUPER_ADMIN')', filter: 'null', filterTarget: 'null']]
2026-09-05 20:21:27 [main] DEBUG o.s.s.a.p.PrePostAnnotationSecurityMetadataSource - @org.springframework.security.access.prepost.PreAuthorize("hasAnyRole(\'TEACHER\', \'ADMIN\', \'SUPER_ADMIN\')") found on specific method: public com.vtr.common.Result com.vtr.controller.TeachingActivityController.addDiscussion(com.vtr.dto.DiscussionCreateDTO)
2026-09-05 20:21:27 [main] DEBUG o.s.s.a.m.DelegatingMethodSecurityMetadataSource - Caching method [CacheKey[com.vtr.controller.TeachingActivityController; public com.vtr.common.Result com.vtr.controller.TeachingActivityController.addDiscussion(com.vtr.dto.DiscussionCreateDTO)]] with attributes [[authorize: 'hasAnyRole('TEACHER', 'ADMIN', 'SUPER_ADMIN')', filter: 'null', filterTarget: 'null']]
2026-09-05 20:21:27 [main] DEBUG o.s.s.a.p.PrePostAnnotationSecurityMetadataSource - @org.springframework.security.access.prepost.PreAuthorize("isAuthenticated()") found on specific method: public com.vtr.common.Result com.vtr.controller.TeachingActivityController.submitFeedback(java.lang.Long,java.lang.String,java.lang.Integer)
2026-09-05 20:21:27 [main] DEBUG o.s.s.a.m.DelegatingMethodSecurityMetadataSource - Caching method [CacheKey[com.vtr.controller.TeachingActivityController; public com.vtr.common.Result com.vtr.controller.TeachingActivityController.submitFeedback(java.lang.Long,java.lang.String,java.lang.Integer)]] with attributes [[authorize: 'isAuthenticated()', filter: 'null', filterTarget: 'null']]
2026-09-05 20:21:27 [main] DEBUG o.s.s.a.p.PrePostAnnotationSecurityMetadataSource - @org.springframework.security.access.prepost.PreAuthorize("isAuthenticated()") found on specific method: public com.vtr.common.Result com.vtr.controller.TeachingActivityController.likeDiscussion(java.lang.Long)
2026-09-05 20:21:27 [main] DEBUG o.s.s.a.m.DelegatingMethodSecurityMetadataSource - Caching method [CacheKey[com.vtr.controller.TeachingActivityController; public com.vtr.common.Result com.vtr.controller.TeachingActivityController.likeDiscussion(java.lang.Long)]] with attributes [[authorize: 'isAuthenticated()', filter: 'null', filterTarget: 'null']]
2026-09-05 20:21:27 [main] DEBUG o.s.s.a.p.PrePostAnnotationSecurityMetadataSource - @org.springframework.security.access.prepost.PreAuthorize("hasAnyRole(\'TEACHER\', \'ADMIN\', \'SUPER_ADMIN\')") found on specific method: public com.vtr.common.Result com.vtr.controller.TeachingActivityController.deleteDiscussion(java.lang.Long)
2026-09-05 20:21:27 [main] DEBUG o.s.s.a.m.DelegatingMethodSecurityMetadataSource - Caching method [CacheKey[com.vtr.controller.TeachingActivityController; public com.vtr.common.Result com.vtr.controller.TeachingActivityController.deleteDiscussion(java.lang.Long)]] with attributes [[authorize: 'hasAnyRole('TEACHER', 'ADMIN', 'SUPER_ADMIN')', filter: 'null', filterTarget: 'null']]
2026-09-05 20:21:27 [main] DEBUG o.s.s.a.p.PrePostAnnotationSecurityMetadataSource - @org.springframework.security.access.prepost.PreAuthorize("hasAnyRole(\'TEACHER\', \'ADMIN\', \'SUPER_ADMIN\')") found on specific method: public com.vtr.common.Result com.vtr.controller.UploadController.uploadCourseware(org.springframework.web.multipart.MultipartFile)
2026-09-05 20:21:27 [main] DEBUG o.s.s.a.m.DelegatingMethodSecurityMetadataSource - Caching method [CacheKey[com.vtr.controller.UploadController; public com.vtr.common.Result com.vtr.controller.UploadController.uploadCourseware(org.springframework.web.multipart.MultipartFile)]] with attributes [[authorize: 'hasAnyRole('TEACHER', 'ADMIN', 'SUPER_ADMIN')', filter: 'null', filterTarget: 'null']]
2026-09-05 20:21:27 [main] DEBUG o.s.s.a.p.PrePostAnnotationSecurityMetadataSource - @org.springframework.security.access.prepost.PreAuthorize("hasAnyRole(\'ADMIN\', \'SUPER_ADMIN\')") found on specific method: public com.vtr.common.Result com.vtr.controller.UploadController.uploadNoticeAttachment(org.springframework.web.multipart.MultipartFile)
2026-09-05 20:21:27 [main] DEBUG o.s.s.a.m.DelegatingMethodSecurityMetadataSource - Caching method [CacheKey[com.vtr.controller.UploadController; public com.vtr.common.Result com.vtr.controller.UploadController.uploadNoticeAttachment(org.springframework.web.multipart.MultipartFile)]] with attributes [[authorize: 'hasAnyRole('ADMIN', 'SUPER_ADMIN')', filter: 'null', filterTarget: 'null']]
2026-09-05 20:21:27 [main] DEBUG o.s.s.a.p.PrePostAnnotationSecurityMetadataSource - @org.springframework.security.access.prepost.PreAuthorize("hasAnyRole(\'ADMIN\', \'SUPER_ADMIN\')") found on specific method: public com.vtr.common.Result com.vtr.controller.UploadController.uploadCarouselImage(org.springframework.web.multipart.MultipartFile)
2026-09-05 20:21:27 [main] DEBUG o.s.s.a.m.DelegatingMethodSecurityMetadataSource - Caching method [CacheKey[com.vtr.controller.UploadController; public com.vtr.common.Result com.vtr.controller.UploadController.uploadCarouselImage(org.springframework.web.multipart.MultipartFile)]] with attributes [[authorize: 'hasAnyRole('ADMIN', 'SUPER_ADMIN')', filter: 'null', filterTarget: 'null']]
2026-09-05 20:21:27 [main] DEBUG o.s.s.a.p.PrePostAnnotationSecurityMetadataSource - @org.springframework.security.access.prepost.PreAuthorize("hasAnyRole(\'ADMIN\', \'SUPER_ADMIN\')") found on specific method: public com.vtr.common.Result com.vtr.controller.UploadController.uploadImages(java.util.List)
2026-09-05 20:21:27 [main] DEBUG o.s.s.a.m.DelegatingMethodSecurityMetadataSource - Caching method [CacheKey[com.vtr.controller.UploadController; public com.vtr.common.Result com.vtr.controller.UploadController.uploadImages(java.util.List)]] with attributes [[authorize: 'hasAnyRole('ADMIN', 'SUPER_ADMIN')', filter: 'null', filterTarget: 'null']]
2026-09-05 20:21:27 [main] DEBUG o.s.s.a.p.PrePostAnnotationSecurityMetadataSource - @org.springframework.security.access.prepost.PreAuthorize("isAuthenticated()") found on specific method: public com.vtr.common.Result com.vtr.controller.UploadController.uploadImage(org.springframework.web.multipart.MultipartFile)
2026-09-05 20:21:27 [main] DEBUG o.s.s.a.m.DelegatingMethodSecurityMetadataSource - Caching method [CacheKey[com.vtr.controller.UploadController; public com.vtr.common.Result com.vtr.controller.UploadController.uploadImage(org.springframework.web.multipart.MultipartFile)]] with attributes [[authorize: 'isAuthenticated()', filter: 'null', filterTarget: 'null']]
2026-09-05 20:21:27 [main] DEBUG o.s.s.a.p.PrePostAnnotationSecurityMetadataSource - @org.springframework.security.access.prepost.PreAuthorize("hasAnyRole(\'TEACHER\', \'ADMIN\', \'SUPER_ADMIN\')") found on specific method: public com.vtr.common.Result com.vtr.controller.UploadController.uploadCourseCover(org.springframework.web.multipart.MultipartFile)
2026-09-05 20:21:27 [main] DEBUG o.s.s.a.m.DelegatingMethodSecurityMetadataSource - Caching method [CacheKey[com.vtr.controller.UploadController; public com.vtr.common.Result com.vtr.controller.UploadController.uploadCourseCover(org.springframework.web.multipart.MultipartFile)]] with attributes [[authorize: 'hasAnyRole('TEACHER', 'ADMIN', 'SUPER_ADMIN')', filter: 'null', filterTarget: 'null']]
2026-09-05 20:21:27 [main] INFO  c.v.s.i.DefaultVerificationCodeSender - 邮箱验证码当前使用 console 模式
2026-09-05 20:21:27 [main] DEBUG o.s.s.a.p.PrePostAnnotationSecurityMetadataSource - @org.springframework.security.access.prepost.PreAuthorize("hasRole(\'ADMIN\') or hasRole(\'SUPER_ADMIN\')") found on specific method: public com.vtr.common.Result com.vtr.controller.UserController.updateStatus(java.lang.Long,java.lang.String,java.lang.String)
2026-09-05 20:21:27 [main] DEBUG o.s.s.a.m.DelegatingMethodSecurityMetadataSource - Caching method [CacheKey[com.vtr.controller.UserController; public com.vtr.common.Result com.vtr.controller.UserController.updateStatus(java.lang.Long,java.lang.String,java.lang.String)]] with attributes [[authorize: 'hasRole('ADMIN') or hasRole('SUPER_ADMIN')', filter: 'null', filterTarget: 'null']]
2026-09-05 20:21:27 [main] DEBUG o.s.s.a.p.PrePostAnnotationSecurityMetadataSource - @org.springframework.security.access.prepost.PreAuthorize("hasRole(\'ADMIN\') or hasRole(\'SUPER_ADMIN\')") found on specific method: public com.vtr.common.Result com.vtr.controller.UserController.getStatistics()
2026-09-05 20:21:27 [main] DEBUG o.s.s.a.m.DelegatingMethodSecurityMetadataSource - Caching method [CacheKey[com.vtr.controller.UserController; public com.vtr.common.Result com.vtr.controller.UserController.getStatistics()]] with attributes [[authorize: 'hasRole('ADMIN') or hasRole('SUPER_ADMIN')', filter: 'null', filterTarget: 'null']]
2026-09-05 20:21:27 [main] DEBUG o.s.s.a.p.PrePostAnnotationSecurityMetadataSource - @org.springframework.security.access.prepost.PreAuthorize("hasRole(\'SUPER_ADMIN\')") found on specific method: public com.vtr.common.Result com.vtr.controller.UserController.forceUpdatePassword(java.lang.String)
2026-09-05 20:21:27 [main] DEBUG o.s.s.a.m.DelegatingMethodSecurityMetadataSource - Caching method [CacheKey[com.vtr.controller.UserController; public com.vtr.common.Result com.vtr.controller.UserController.forceUpdatePassword(java.lang.String)]] with attributes [[authorize: 'hasRole('SUPER_ADMIN')', filter: 'null', filterTarget: 'null']]
2026-09-05 20:21:27 [main] DEBUG o.s.s.a.p.PrePostAnnotationSecurityMetadataSource - @org.springframework.security.access.prepost.PreAuthorize("hasRole(\'SUPER_ADMIN\')") found on specific method: public com.vtr.common.Result com.vtr.controller.UserController.generateCorrectPassword()
2026-09-05 20:21:27 [main] DEBUG o.s.s.a.m.DelegatingMethodSecurityMetadataSource - Caching method [CacheKey[com.vtr.controller.UserController; public com.vtr.common.Result com.vtr.controller.UserController.generateCorrectPassword()]] with attributes [[authorize: 'hasRole('SUPER_ADMIN')', filter: 'null', filterTarget: 'null']]
2026-09-05 20:21:27 [main] DEBUG o.s.s.a.p.PrePostAnnotationSecurityMetadataSource - @org.springframework.security.access.prepost.PreAuthorize("hasRole(\'SUPER_ADMIN\')") found on specific method: public com.vtr.common.Result com.vtr.controller.UserController.resetPasswordSimple(java.lang.String)
2026-09-05 20:21:27 [main] DEBUG o.s.s.a.m.DelegatingMethodSecurityMetadataSource - Caching method [CacheKey[com.vtr.controller.UserController; public com.vtr.common.Result com.vtr.controller.UserController.resetPasswordSimple(java.lang.String)]] with attributes [[authorize: 'hasRole('SUPER_ADMIN')', filter: 'null', filterTarget: 'null']]
2026-09-05 20:21:27 [main] DEBUG o.s.s.a.p.PrePostAnnotationSecurityMetadataSource - @org.springframework.security.access.prepost.PreAuthorize("hasRole(\'ADMIN\') or hasRole(\'SUPER_ADMIN\')") found on specific method: public com.vtr.common.Result com.vtr.controller.UserController.reviewIdentityBinding(java.lang.Long,boolean,java.lang.String)
2026-09-05 20:21:27 [main] DEBUG o.s.s.a.m.DelegatingMethodSecurityMetadataSource - Caching method [CacheKey[com.vtr.controller.UserController; public com.vtr.common.Result com.vtr.controller.UserController.reviewIdentityBinding(java.lang.Long,boolean,java.lang.String)]] with attributes [[authorize: 'hasRole('ADMIN') or hasRole('SUPER_ADMIN')', filter: 'null', filterTarget: 'null']]
2026-09-05 20:21:27 [main] DEBUG o.s.s.a.p.PrePostAnnotationSecurityMetadataSource - @org.springframework.security.access.prepost.PreAuthorize("isAuthenticated()") found on specific method: public com.vtr.common.Result com.vtr.controller.UserController.getCurrentUser()
2026-09-05 20:21:27 [main] DEBUG o.s.s.a.m.DelegatingMethodSecurityMetadataSource - Caching method [CacheKey[com.vtr.controller.UserController; public com.vtr.common.Result com.vtr.controller.UserController.getCurrentUser()]] with attributes [[authorize: 'isAuthenticated()', filter: 'null', filterTarget: 'null']]
2026-09-05 20:21:27 [main] DEBUG o.s.s.a.p.PrePostAnnotationSecurityMetadataSource - @org.springframework.security.access.prepost.PreAuthorize("isAuthenticated()") found on specific method: public com.vtr.common.Result com.vtr.controller.UserController.updateProfile(com.vtr.dto.UserProfileDTO)
2026-09-05 20:21:27 [main] DEBUG o.s.s.a.m.DelegatingMethodSecurityMetadataSource - Caching method [CacheKey[com.vtr.controller.UserController; public com.vtr.common.Result com.vtr.controller.UserController.updateProfile(com.vtr.dto.UserProfileDTO)]] with attributes [[authorize: 'isAuthenticated()', filter: 'null', filterTarget: 'null']]
2026-09-05 20:21:27 [main] DEBUG o.s.s.a.p.PrePostAnnotationSecurityMetadataSource - @org.springframework.security.access.prepost.PreAuthorize("isAuthenticated()") found on specific method: public com.vtr.common.Result com.vtr.controller.UserController.changePassword(com.vtr.dto.PasswordChangeDTO)
2026-09-05 20:21:27 [main] DEBUG o.s.s.a.m.DelegatingMethodSecurityMetadataSource - Caching method [CacheKey[com.vtr.controller.UserController; public com.vtr.common.Result com.vtr.controller.UserController.changePassword(com.vtr.dto.PasswordChangeDTO)]] with attributes [[authorize: 'isAuthenticated()', filter: 'null', filterTarget: 'null']]
2026-09-05 20:21:27 [main] DEBUG o.s.s.a.p.PrePostAnnotationSecurityMetadataSource - @org.springframework.security.access.prepost.PreAuthorize("hasRole(\'ADMIN\') or hasRole(\'SUPER_ADMIN\')") found on specific method: public com.vtr.common.Result com.vtr.controller.UserController.batchReview(com.vtr.dto.BatchReviewDTO)
2026-09-05 20:21:27 [main] DEBUG o.s.s.a.m.DelegatingMethodSecurityMetadataSource - Caching method [CacheKey[com.vtr.controller.UserController; public com.vtr.common.Result com.vtr.controller.UserController.batchReview(com.vtr.dto.BatchReviewDTO)]] with attributes [[authorize: 'hasRole('ADMIN') or hasRole('SUPER_ADMIN')', filter: 'null', filterTarget: 'null']]
2026-09-05 20:21:27 [main] DEBUG o.s.s.a.p.PrePostAnnotationSecurityMetadataSource - @org.springframework.security.access.prepost.PreAuthorize("isAuthenticated()") found on specific method: public com.vtr.common.Result com.vtr.controller.UserController.uploadAvatar(org.springframework.web.multipart.MultipartFile)
2026-09-05 20:21:27 [main] DEBUG o.s.s.a.m.DelegatingMethodSecurityMetadataSource - Caching method [CacheKey[com.vtr.controller.UserController; public com.vtr.common.Result com.vtr.controller.UserController.uploadAvatar(org.springframework.web.multipart.MultipartFile)]] with attributes [[authorize: 'isAuthenticated()', filter: 'null', filterTarget: 'null']]
2026-09-05 20:21:27 [main] DEBUG o.s.s.a.p.PrePostAnnotationSecurityMetadataSource - @org.springframework.security.access.prepost.PreAuthorize("isAuthenticated()") found on specific method: public com.vtr.common.Result com.vtr.controller.UserController.bindIdentity(com.vtr.dto.IdentityBindingDTO)
2026-09-05 20:21:27 [main] DEBUG o.s.s.a.m.DelegatingMethodSecurityMetadataSource - Caching method [CacheKey[com.vtr.controller.UserController; public com.vtr.common.Result com.vtr.controller.UserController.bindIdentity(com.vtr.dto.IdentityBindingDTO)]] with attributes [[authorize: 'isAuthenticated()', filter: 'null', filterTarget: 'null']]
2026-09-05 20:21:27 [main] DEBUG o.s.s.a.p.PrePostAnnotationSecurityMetadataSource - @org.springframework.security.access.prepost.PreAuthorize("hasAnyRole(\'ADMIN\', \'SUPER_ADMIN\')") found on specific method: public com.vtr.common.Result com.vtr.controller.UserController.resetPassword(java.lang.Long)
2026-09-05 20:21:27 [main] DEBUG o.s.s.a.m.DelegatingMethodSecurityMetadataSource - Caching method [CacheKey[com.vtr.controller.UserController; public com.vtr.common.Result com.vtr.controller.UserController.resetPassword(java.lang.Long)]] with attributes [[authorize: 'hasAnyRole('ADMIN', 'SUPER_ADMIN')', filter: 'null', filterTarget: 'null']]
2026-09-05 20:21:27 [main] DEBUG o.s.s.a.p.PrePostAnnotationSecurityMetadataSource - @org.springframework.security.access.prepost.PreAuthorize("hasAnyRole(\'ADMIN\', \'SUPER_ADMIN\')") found on specific method: public com.vtr.common.Result com.vtr.controller.UserController.updateUser(java.lang.Long,com.vtr.dto.AdminUserUpdateDTO)
2026-09-05 20:21:27 [main] DEBUG o.s.s.a.m.DelegatingMethodSecurityMetadataSource - Caching method [CacheKey[com.vtr.controller.UserController; public com.vtr.common.Result com.vtr.controller.UserController.updateUser(java.lang.Long,com.vtr.dto.AdminUserUpdateDTO)]] with attributes [[authorize: 'hasAnyRole('ADMIN', 'SUPER_ADMIN')', filter: 'null', filterTarget: 'null']]
2026-09-05 20:21:27 [main] DEBUG o.s.s.a.p.PrePostAnnotationSecurityMetadataSource - @org.springframework.security.access.prepost.PreAuthorize("hasRole(\'ADMIN\') or hasRole(\'SUPER_ADMIN\')") found on specific method: public com.vtr.common.Result com.vtr.controller.UserController.deleteUser(java.lang.Long)
2026-09-05 20:21:27 [main] DEBUG o.s.s.a.m.DelegatingMethodSecurityMetadataSource - Caching method [CacheKey[com.vtr.controller.UserController; public com.vtr.common.Result com.vtr.controller.UserController.deleteUser(java.lang.Long)]] with attributes [[authorize: 'hasRole('ADMIN') or hasRole('SUPER_ADMIN')', filter: 'null', filterTarget: 'null']]
2026-09-05 20:21:27 [main] DEBUG o.s.s.a.p.PrePostAnnotationSecurityMetadataSource - @org.springframework.security.access.prepost.PreAuthorize("hasAnyRole(\'ADMIN\', \'SUPER_ADMIN\')") found on specific method: public com.vtr.common.Result com.vtr.controller.UserController.assignRole(java.lang.Long,java.lang.String)
2026-09-05 20:21:27 [main] DEBUG o.s.s.a.m.DelegatingMethodSecurityMetadataSource - Caching method [CacheKey[com.vtr.controller.UserController; public com.vtr.common.Result com.vtr.controller.UserController.assignRole(java.lang.Long,java.lang.String)]] with attributes [[authorize: 'hasAnyRole('ADMIN', 'SUPER_ADMIN')', filter: 'null', filterTarget: 'null']]
2026-09-05 20:21:27 [main] DEBUG o.s.s.a.p.PrePostAnnotationSecurityMetadataSource - @org.springframework.security.access.prepost.PreAuthorize("hasRole(\'SUPER_ADMIN\')") found on specific method: public com.vtr.common.Result com.vtr.controller.UserController.testPasswordDirect()
2026-09-05 20:21:27 [main] DEBUG o.s.s.a.m.DelegatingMethodSecurityMetadataSource - Caching method [CacheKey[com.vtr.controller.UserController; public com.vtr.common.Result com.vtr.controller.UserController.testPasswordDirect()]] with attributes [[authorize: 'hasRole('SUPER_ADMIN')', filter: 'null', filterTarget: 'null']]
2026-09-05 20:21:27 [main] DEBUG o.s.s.a.p.PrePostAnnotationSecurityMetadataSource - @org.springframework.security.access.prepost.PreAuthorize("hasRole(\'ADMIN\') or hasRole(\'SUPER_ADMIN\')") found on specific method: public com.vtr.common.Result com.vtr.controller.UserController.getUserDetail(java.lang.Long)
2026-09-05 20:21:27 [main] DEBUG o.s.s.a.m.DelegatingMethodSecurityMetadataSource - Caching method [CacheKey[com.vtr.controller.UserController; public com.vtr.common.Result com.vtr.controller.UserController.getUserDetail(java.lang.Long)]] with attributes [[authorize: 'hasRole('ADMIN') or hasRole('SUPER_ADMIN')', filter: 'null', filterTarget: 'null']]
2026-09-05 20:21:27 [main] DEBUG o.s.s.a.p.PrePostAnnotationSecurityMetadataSource - @org.springframework.security.access.prepost.PreAuthorize("hasRole(\'ADMIN\') or hasRole(\'SUPER_ADMIN\')") found on specific method: public com.vtr.common.Result com.vtr.controller.UserController.listUsers(com.vtr.dto.UserQueryDTO)
2026-09-05 20:21:27 [main] DEBUG o.s.s.a.m.DelegatingMethodSecurityMetadataSource - Caching method [CacheKey[com.vtr.controller.UserController; public com.vtr.common.Result com.vtr.controller.UserController.listUsers(com.vtr.dto.UserQueryDTO)]] with attributes [[authorize: 'hasRole('ADMIN') or hasRole('SUPER_ADMIN')', filter: 'null', filterTarget: 'null']]
2026-09-05 20:21:27 [main] DEBUG o.s.s.a.p.PrePostAnnotationSecurityMetadataSource - @org.springframework.security.access.prepost.PreAuthorize("hasRole(\'SUPER_ADMIN\')") found on specific method: public com.vtr.common.Result com.vtr.controller.UserController.debugPassword(com.vtr.dto.LoginDTO)
2026-09-05 20:21:27 [main] DEBUG o.s.s.a.m.DelegatingMethodSecurityMetadataSource - Caching method [CacheKey[com.vtr.controller.UserController; public com.vtr.common.Result com.vtr.controller.UserController.debugPassword(com.vtr.dto.LoginDTO)]] with attributes [[authorize: 'hasRole('SUPER_ADMIN')', filter: 'null', filterTarget: 'null']]
2026-09-05 20:21:27 [main] INFO  o.s.s.web.DefaultSecurityFilterChain - Will secure any request with [org.springframework.security.web.session.DisableEncodeUrlFilter@4639d92c, org.springframework.security.web.context.request.async.WebAsyncManagerIntegrationFilter@46270641, org.springframework.security.web.context.SecurityContextPersistenceFilter@6df06d21, org.springframework.security.web.header.HeaderWriterFilter@2aeffa55, org.springframework.web.filter.CorsFilter@4ce824a7, org.springframework.security.web.authentication.logout.LogoutFilter@285d33f3, com.vtr.security.JwtAuthenticationFilter@70b33256, org.springframework.security.web.savedrequest.RequestCacheAwareFilter@3cc6bfdb, org.springframework.security.web.servletapi.SecurityContextHolderAwareRequestFilter@59ea4ca5, org.springframework.security.web.authentication.AnonymousAuthenticationFilter@278e51f1, org.springframework.security.web.session.SessionManagementFilter@315a9738, org.springframework.security.web.access.ExceptionTranslationFilter@25325236, org.springframework.security.web.access.intercept.AuthorizationFilter@2e95d163]
2026-09-05 20:21:27 [main] WARN  o.s.b.a.o.j.JpaBaseConfiguration$JpaWebConfiguration - spring.jpa.open-in-view is enabled by default. Therefore, database queries may be performed during view rendering. Explicitly configure spring.jpa.open-in-view to disable this warning
=== 静态资源映射配置 ===
上传文件路径: file:///E:/新的/源代码/virtual-teaching-room/vtr-backend/uploads/
访问URL: http://localhost:8080/uploads/文件名
2026-09-05 20:21:28 [main] INFO  o.s.b.a.e.web.EndpointLinksResolver - Exposing 2 endpoint(s) beneath base path '/actuator'
2026-09-05 20:21:28 [main] INFO  o.s.b.w.e.tomcat.TomcatWebServer - Tomcat started on port(s): 8080 (http) with context path ''
2026-09-05 20:21:28 [main] INFO  o.s.m.s.b.SimpleBrokerMessageHandler - Starting...
2026-09-05 20:21:28 [main] INFO  o.s.m.s.b.SimpleBrokerMessageHandler - BrokerAvailabilityEvent[available=true, SimpleBrokerMessageHandler [org.springframework.messaging.simp.broker.DefaultSubscriptionRegistry@18b25ef3]]
2026-09-05 20:21:28 [main] INFO  o.s.m.s.b.SimpleBrokerMessageHandler - Started.
2026-09-05 20:21:28 [main] INFO  com.vtr.VtrBackendApplication - Started VtrBackendApplication in 15.468 seconds (JVM running for 15.89)
2026-09-05 20:21:28 [main] DEBUG org.hibernate.SQL - 
    select
        school0_.id as id1_40_,
        school0_.code as code2_40_,
        school0_.created_at as created_3_40_,
        school0_.name as name4_40_,
        school0_.region as region5_40_,
        school0_.status as status6_40_,
        school0_.updated_at as updated_7_40_ 
    from
        school school0_ 
    where
        upper(school0_.code)=upper(?)
Hibernate: 
    select
        school0_.id as id1_40_,
        school0_.code as code2_40_,
        school0_.created_at as created_3_40_,
        school0_.name as name4_40_,
        school0_.region as region5_40_,
        school0_.status as status6_40_,
        school0_.updated_at as updated_7_40_ 
    from
        school school0_ 
    where
        upper(school0_.code)=upper(?)
2026-09-05 20:21:28 [main] TRACE o.h.type.descriptor.sql.BasicBinder - binding parameter [1] as [VARCHAR] - [DEFAULT]
2026-09-05 20:21:28 [main] DEBUG org.hibernate.SQL - 
    select
        academiccl0_.id as id1_0_,
        academiccl0_.campus as campus2_0_,
        academiccl0_.class_code as class_co3_0_,
        academiccl0_.college as college4_0_,
        academiccl0_.counselor_name as counselo5_0_,
        academiccl0_.created_at as created_6_0_,
        academiccl0_.grade as grade7_0_,
        academiccl0_.head_teacher_name as head_tea8_0_,
        academiccl0_.major as major9_0_,
        academiccl0_.name as name10_0_,
        academiccl0_.school_id as school_11_0_,
        academiccl0_.status as status12_0_,
        academiccl0_.updated_at as updated13_0_ 
    from
        academic_class academiccl0_
Hibernate: 
    select
        academiccl0_.id as id1_0_,
        academiccl0_.campus as campus2_0_,
        academiccl0_.class_code as class_co3_0_,
        academiccl0_.college as college4_0_,
        academiccl0_.counselor_name as counselo5_0_,
        academiccl0_.created_at as created_6_0_,
        academiccl0_.grade as grade7_0_,
        academiccl0_.head_teacher_name as head_tea8_0_,
        academiccl0_.major as major9_0_,
        academiccl0_.name as name10_0_,
        academiccl0_.school_id as school_11_0_,
        academiccl0_.status as status12_0_,
        academiccl0_.updated_at as updated13_0_ 
    from
        academic_class academiccl0_
2026-09-05 20:21:28 [main] DEBUG org.hibernate.SQL - 
    select
        user0_.id as id1_43_,
        user0_.created_at as created_2_43_,
        user0_.created_by as created_3_43_,
        user0_.is_deleted as is_delet4_43_,
        user0_.updated_at as updated_5_43_,
        user0_.updated_by as updated_6_43_,
        user0_.academic_class_id as academic7_43_,
        user0_.admin_scope_all as admin_sc8_43_,
        user0_.admin_scope_configured as admin_sc9_43_,
        user0_.avatar as avatar10_43_,
        user0_.bio as bio11_43_,
        user0_.email as email12_43_,
        user0_.email_verified_at as email_v13_43_,
        user0_.identity_number as identit14_43_,
        user0_.identity_status as identit15_43_,
        user0_.identity_type as identit16_43_,
        user0_.last_login_ip as last_lo17_43_,
        user0_.last_login_time as last_lo18_43_,
        user0_.nickname as nicknam19_43_,
        user0_.password as passwor20_43_,
        user0_.phone as phone21_43_,
        user0_.phone_verified_at as phone_v22_43_,
        user0_.role as role23_43_,
        user0_.school_id as school_24_43_,
        user0_.status as status25_43_,
        user0_.unit_name as unit_na26_43_,
        user0_.username as usernam27_43_ 
    from
        sys_user user0_
Hibernate: 
    select
        user0_.id as id1_43_,
        user0_.created_at as created_2_43_,
        user0_.created_by as created_3_43_,
        user0_.is_deleted as is_delet4_43_,
        user0_.updated_at as updated_5_43_,
        user0_.updated_by as updated_6_43_,
        user0_.academic_class_id as academic7_43_,
        user0_.admin_scope_all as admin_sc8_43_,
        user0_.admin_scope_configured as admin_sc9_43_,
        user0_.avatar as avatar10_43_,
        user0_.bio as bio11_43_,
        user0_.email as email12_43_,
        user0_.email_verified_at as email_v13_43_,
        user0_.identity_number as identit14_43_,
        user0_.identity_status as identit15_43_,
        user0_.identity_type as identit16_43_,
        user0_.last_login_ip as last_lo17_43_,
        user0_.last_login_time as last_lo18_43_,
        user0_.nickname as nicknam19_43_,
        user0_.password as passwor20_43_,
        user0_.phone as phone21_43_,
        user0_.phone_verified_at as phone_v22_43_,
        user0_.role as role23_43_,
        user0_.school_id as school_24_43_,
        user0_.status as status25_43_,
        user0_.unit_name as unit_na26_43_,
        user0_.username as usernam27_43_ 
    from
        sys_user user0_
2026-09-05 20:21:28 [main] DEBUG org.hibernate.SQL - 
    select
        academiccl0_.id as id1_1_,
        academiccl0_.academic_class_id as academic2_1_,
        academiccl0_.created_at as created_3_1_,
        academiccl0_.name as name4_1_,
        academiccl0_.school_id as school_i5_1_,
        academiccl0_.status as status6_1_,
        academiccl0_.student_number as student_7_1_,
        academiccl0_.updated_at as updated_8_1_,
        academiccl0_.user_id as user_id9_1_ 
    from
        academic_class_student academiccl0_ 
    where
        academiccl0_.school_id=? 
        and academiccl0_.student_number=?
Hibernate: 
    select
        academiccl0_.id as id1_1_,
        academiccl0_.academic_class_id as academic2_1_,
        academiccl0_.created_at as created_3_1_,
        academiccl0_.name as name4_1_,
        academiccl0_.school_id as school_i5_1_,
        academiccl0_.status as status6_1_,
        academiccl0_.student_number as student_7_1_,
        academiccl0_.updated_at as updated_8_1_,
        academiccl0_.user_id as user_id9_1_ 
    from
        academic_class_student academiccl0_ 
    where
        academiccl0_.school_id=? 
        and academiccl0_.student_number=?
2026-09-05 20:21:28 [main] TRACE o.h.type.descriptor.sql.BasicBinder - binding parameter [1] as [BIGINT] - [1]
2026-09-05 20:21:28 [main] TRACE o.h.type.descriptor.sql.BasicBinder - binding parameter [2] as [VARCHAR] - [2412200227]
2026-09-05 20:21:28 [main] DEBUG org.hibernate.SQL - 
    select
        course0_.id as id1_22_,
        course0_.assessment_method as assessme2_22_,
        course0_.course_category as course_c3_22_,
        course0_.course_code as course_c4_22_,
        course0_.course_name as course_n5_22_,
        course0_.cover_image as cover_im6_22_,
        course0_.created_at as created_7_22_,
        course0_.created_by as created_8_22_,
        course0_.credits as credits9_22_,
        course0_.description as descrip10_22_,
        course0_.school_id as school_11_22_,
        course0_.semester as semeste12_22_,
        course0_.status as status13_22_,
        course0_.teaching_department as teachin14_22_,
        course0_.updated_at as updated15_22_ 
    from
        course course0_
Hibernate: 
    select
        course0_.id as id1_22_,
        course0_.assessment_method as assessme2_22_,
        course0_.course_category as course_c3_22_,
        course0_.course_code as course_c4_22_,
        course0_.course_name as course_n5_22_,
        course0_.cover_image as cover_im6_22_,
        course0_.created_at as created_7_22_,
        course0_.created_by as created_8_22_,
        course0_.credits as credits9_22_,
        course0_.description as descrip10_22_,
        course0_.school_id as school_11_22_,
        course0_.semester as semeste12_22_,
        course0_.status as status13_22_,
        course0_.teaching_department as teachin14_22_,
        course0_.updated_at as updated15_22_ 
    from
        course course0_
2026-09-05 20:21:28 [main] DEBUG org.hibernate.SQL - 
    select
        courseware0_.id as id1_26_,
        courseware0_.audit_remark as audit_re2_26_,
        courseware0_.chapter as chapter3_26_,
        courseware0_.classroom_id as classroo4_26_,
        courseware0_.course_id as course_i5_26_,
        courseware0_.created_at as created_6_26_,
        courseware0_.description as descript7_26_,
        courseware0_.download_count as download8_26_,
        courseware0_.featured as featured9_26_,
        courseware0_.file_name as file_na10_26_,
        courseware0_.file_size as file_si11_26_,
        courseware0_.file_type as file_ty12_26_,
        courseware0_.file_url as file_ur13_26_,
        courseware0_.grade_level as grade_l14_26_,
        courseware0_.knowledge_point as knowled15_26_,
        courseware0_.previous_version_id as previou16_26_,
        courseware0_.resource_type as resourc17_26_,
        courseware0_.reviewed_at as reviewe18_26_,
        courseware0_.reviewed_by as reviewe19_26_,
        courseware0_.school_id as school_20_26_,
        courseware0_.section_id as section21_26_,
        courseware0_.semester as semeste22_26_,
        courseware0_.status as status23_26_,
        courseware0_.target_audience as target_24_26_,
        courseware0_.teacher_id as teacher25_26_,
        courseware0_.title as title26_26_,
        courseware0_.updated_at as updated27_26_,
        courseware0_.version as version28_26_,
        courseware0_.version_group_id as version29_26_,
        courseware0_.version_number as version30_26_,
        courseware0_.video_type as video_t31_26_,
        courseware0_.view_count as view_co32_26_,
        courseware0_.visibility as visibil33_26_ 
    from
        courseware courseware0_
Hibernate: 
    select
        courseware0_.id as id1_26_,
        courseware0_.audit_remark as audit_re2_26_,
        courseware0_.chapter as chapter3_26_,
        courseware0_.classroom_id as classroo4_26_,
        courseware0_.course_id as course_i5_26_,
        courseware0_.created_at as created_6_26_,
        courseware0_.description as descript7_26_,
        courseware0_.download_count as download8_26_,
        courseware0_.featured as featured9_26_,
        courseware0_.file_name as file_na10_26_,
        courseware0_.file_size as file_si11_26_,
        courseware0_.file_type as file_ty12_26_,
        courseware0_.file_url as file_ur13_26_,
        courseware0_.grade_level as grade_l14_26_,
        courseware0_.knowledge_point as knowled15_26_,
        courseware0_.previous_version_id as previou16_26_,
        courseware0_.resource_type as resourc17_26_,
        courseware0_.reviewed_at as reviewe18_26_,
        courseware0_.reviewed_by as reviewe19_26_,
        courseware0_.school_id as school_20_26_,
        courseware0_.section_id as section21_26_,
        courseware0_.semester as semeste22_26_,
        courseware0_.status as status23_26_,
        courseware0_.target_audience as target_24_26_,
        courseware0_.teacher_id as teacher25_26_,
        courseware0_.title as title26_26_,
        courseware0_.updated_at as updated27_26_,
        courseware0_.version as version28_26_,
        courseware0_.version_group_id as version29_26_,
        courseware0_.version_number as version30_26_,
        courseware0_.video_type as video_t31_26_,
        courseware0_.view_count as view_co32_26_,
        courseware0_.visibility as visibil33_26_ 
    from
        courseware courseware0_
2026-09-05 20:21:28 [main] DEBUG org.hibernate.SQL - 
    select
        teachingac0_.id as id1_44_,
        teachingac0_.activity_time as activity2_44_,
        teachingac0_.cancel_reason as cancel_r3_44_,
        teachingac0_.classroom_id as classroo4_44_,
        teachingac0_.content as content5_44_,
        teachingac0_.course_id as course_i6_44_,
        teachingac0_.cover_url as cover_ur7_44_,
        teachingac0_.created_at as created_8_44_,
        teachingac0_.created_by as created_9_44_,
        teachingac0_.current_participants as current10_44_,
        teachingac0_.duration as duratio11_44_,
        teachingac0_.is_deleted as is_dele12_44_,
        teachingac0_.is_pinned as is_pinn13_44_,
        teachingac0_.location as locatio14_44_,
        teachingac0_.max_participants as max_par15_44_,
        teachingac0_.organizer_id as organiz16_44_,
        teachingac0_.organizer_unit as organiz17_44_,
        teachingac0_.registration_deadline as registr18_44_,
        teachingac0_.reject_reason as reject_19_44_,
        teachingac0_.school_id as school_20_44_,
        teachingac0_.sponsor as sponsor21_44_,
        teachingac0_.status as status22_44_,
        teachingac0_.title as title23_44_,
        teachingac0_.type as type24_44_,
        teachingac0_.updated_at as updated25_44_,
        teachingac0_.updated_by as updated26_44_,
        teachingac0_.view_count as view_co27_44_ 
    from
        teaching_activity teachingac0_
Hibernate: 
    select
        teachingac0_.id as id1_44_,
        teachingac0_.activity_time as activity2_44_,
        teachingac0_.cancel_reason as cancel_r3_44_,
        teachingac0_.classroom_id as classroo4_44_,
        teachingac0_.content as content5_44_,
        teachingac0_.course_id as course_i6_44_,
        teachingac0_.cover_url as cover_ur7_44_,
        teachingac0_.created_at as created_8_44_,
        teachingac0_.created_by as created_9_44_,
        teachingac0_.current_participants as current10_44_,
        teachingac0_.duration as duratio11_44_,
        teachingac0_.is_deleted as is_dele12_44_,
        teachingac0_.is_pinned as is_pinn13_44_,
        teachingac0_.location as locatio14_44_,
        teachingac0_.max_participants as max_par15_44_,
        teachingac0_.organizer_id as organiz16_44_,
        teachingac0_.organizer_unit as organiz17_44_,
        teachingac0_.registration_deadline as registr18_44_,
        teachingac0_.reject_reason as reject_19_44_,
        teachingac0_.school_id as school_20_44_,
        teachingac0_.sponsor as sponsor21_44_,
        teachingac0_.status as status22_44_,
        teachingac0_.title as title23_44_,
        teachingac0_.type as type24_44_,
        teachingac0_.updated_at as updated25_44_,
        teachingac0_.updated_by as updated26_44_,
        teachingac0_.view_count as view_co27_44_ 
    from
        teaching_activity teachingac0_
2026-09-05 20:21:28 [main] DEBUG org.hibernate.SQL - 
    select
        notice0_.id as id1_31_,
        notice0_.created_at as created_2_31_,
        notice0_.created_by as created_3_31_,
        notice0_.is_deleted as is_delet4_31_,
        notice0_.updated_at as updated_5_31_,
        notice0_.updated_by as updated_6_31_,
        notice0_.attachment_url as attachme7_31_,
        notice0_.author_id as author_i8_31_,
        notice0_.content as content9_31_,
        notice0_.expire_time as expire_10_31_,
        notice0_.is_top as is_top11_31_,
        notice0_.publish_time as publish12_31_,
        notice0_.school_id as school_13_31_,
        notice0_.status as status14_31_,
        notice0_.target_user as target_15_31_,
        notice0_.title as title16_31_,
        notice0_.type as type17_31_,
        notice0_.view_count as view_co18_31_ 
    from
        notice notice0_
Hibernate: 
    select
        notice0_.id as id1_31_,
        notice0_.created_at as created_2_31_,
        notice0_.created_by as created_3_31_,
        notice0_.is_deleted as is_delet4_31_,
        notice0_.updated_at as updated_5_31_,
        notice0_.updated_by as updated_6_31_,
        notice0_.attachment_url as attachme7_31_,
        notice0_.author_id as author_i8_31_,
        notice0_.content as content9_31_,
        notice0_.expire_time as expire_10_31_,
        notice0_.is_top as is_top11_31_,
        notice0_.publish_time as publish12_31_,
        notice0_.school_id as school_13_31_,
        notice0_.status as status14_31_,
        notice0_.target_user as target_15_31_,
        notice0_.title as title16_31_,
        notice0_.type as type17_31_,
        notice0_.view_count as view_co18_31_ 
    from
        notice notice0_
2026-09-05 20:21:28 [main] DEBUG org.hibernate.SQL - 
    select
        contentaud0_.id as id1_21_,
        contentaud0_.created_at as created_2_21_,
        contentaud0_.created_by as created_3_21_,
        contentaud0_.is_deleted as is_delet4_21_,
        contentaud0_.updated_at as updated_5_21_,
        contentaud0_.updated_by as updated_6_21_,
        contentaud0_.author_id as author_i7_21_,
        contentaud0_.author_name as author_n8_21_,
        contentaud0_.auto_check_result as auto_che9_21_,
        contentaud0_.content_id as content10_21_,
        contentaud0_.content_preview as content11_21_,
        contentaud0_.content_title as content12_21_,
        contentaud0_.content_type as content13_21_,
        contentaud0_.review_remark as review_14_21_,
        contentaud0_.reviewed_at as reviewe15_21_,
        contentaud0_.reviewer_id as reviewe16_21_,
        contentaud0_.reviewer_name as reviewe17_21_,
        contentaud0_.risk_level as risk_le18_21_,
        contentaud0_.school_id as school_19_21_,
        contentaud0_.status as status20_21_,
        contentaud0_.submit_count as submit_21_21_ 
    from
        content_audit contentaud0_
Hibernate: 
    select
        contentaud0_.id as id1_21_,
        contentaud0_.created_at as created_2_21_,
        contentaud0_.created_by as created_3_21_,
        contentaud0_.is_deleted as is_delet4_21_,
        contentaud0_.updated_at as updated_5_21_,
        contentaud0_.updated_by as updated_6_21_,
        contentaud0_.author_id as author_i7_21_,
        contentaud0_.author_name as author_n8_21_,
        contentaud0_.auto_check_result as auto_che9_21_,
        contentaud0_.content_id as content10_21_,
        contentaud0_.content_preview as content11_21_,
        contentaud0_.content_title as content12_21_,
        contentaud0_.content_type as content13_21_,
        contentaud0_.review_remark as review_14_21_,
        contentaud0_.reviewed_at as reviewe15_21_,
        contentaud0_.reviewer_id as reviewe16_21_,
        contentaud0_.reviewer_name as reviewe17_21_,
        contentaud0_.risk_level as risk_le18_21_,
        contentaud0_.school_id as school_19_21_,
        contentaud0_.status as status20_21_,
        contentaud0_.submit_count as submit_21_21_ 
    from
        content_audit contentaud0_
2026-09-05 20:21:28 [main] DEBUG org.hibernate.SQL - 
    select
        user0_.id as id1_43_,
        user0_.created_at as created_2_43_,
        user0_.created_by as created_3_43_,
        user0_.is_deleted as is_delet4_43_,
        user0_.updated_at as updated_5_43_,
        user0_.updated_by as updated_6_43_,
        user0_.academic_class_id as academic7_43_,
        user0_.admin_scope_all as admin_sc8_43_,
        user0_.admin_scope_configured as admin_sc9_43_,
        user0_.avatar as avatar10_43_,
        user0_.bio as bio11_43_,
        user0_.email as email12_43_,
        user0_.email_verified_at as email_v13_43_,
        user0_.identity_number as identit14_43_,
        user0_.identity_status as identit15_43_,
        user0_.identity_type as identit16_43_,
        user0_.last_login_ip as last_lo17_43_,
        user0_.last_login_time as last_lo18_43_,
        user0_.nickname as nicknam19_43_,
        user0_.password as passwor20_43_,
        user0_.phone as phone21_43_,
        user0_.phone_verified_at as phone_v22_43_,
        user0_.role as role23_43_,
        user0_.school_id as school_24_43_,
        user0_.status as status25_43_,
        user0_.unit_name as unit_na26_43_,
        user0_.username as usernam27_43_ 
    from
        sys_user user0_ 
    where
        (
            user0_.role in (
                ? , ?
            )
        ) 
        and user0_.is_deleted=0
Hibernate: 
    select
        user0_.id as id1_43_,
        user0_.created_at as created_2_43_,
        user0_.created_by as created_3_43_,
        user0_.is_deleted as is_delet4_43_,
        user0_.updated_at as updated_5_43_,
        user0_.updated_by as updated_6_43_,
        user0_.academic_class_id as academic7_43_,
        user0_.admin_scope_all as admin_sc8_43_,
        user0_.admin_scope_configured as admin_sc9_43_,
        user0_.avatar as avatar10_43_,
        user0_.bio as bio11_43_,
        user0_.email as email12_43_,
        user0_.email_verified_at as email_v13_43_,
        user0_.identity_number as identit14_43_,
        user0_.identity_status as identit15_43_,
        user0_.identity_type as identit16_43_,
        user0_.last_login_ip as last_lo17_43_,
        user0_.last_login_time as last_lo18_43_,
        user0_.nickname as nicknam19_43_,
        user0_.password as passwor20_43_,
        user0_.phone as phone21_43_,
        user0_.phone_verified_at as phone_v22_43_,
        user0_.role as role23_43_,
        user0_.school_id as school_24_43_,
        user0_.status as status25_43_,
        user0_.unit_name as unit_na26_43_,
        user0_.username as usernam27_43_ 
    from
        sys_user user0_ 
    where
        (
            user0_.role in (
                ? , ?
            )
        ) 
        and user0_.is_deleted=0
2026-09-05 20:21:28 [main] TRACE o.h.type.descriptor.sql.BasicBinder - binding parameter [1] as [VARCHAR] - [ADMIN]
2026-09-05 20:21:28 [main] TRACE o.h.type.descriptor.sql.BasicBinder - binding parameter [2] as [VARCHAR] - [SUPER_ADMIN]
2026-09-05 20:21:28 [main] DEBUG org.hibernate.SQL - 
    select
        course0_.id as id1_22_,
        course0_.assessment_method as assessme2_22_,
        course0_.course_category as course_c3_22_,
        course0_.course_code as course_c4_22_,
        course0_.course_name as course_n5_22_,
        course0_.cover_image as cover_im6_22_,
        course0_.created_at as created_7_22_,
        course0_.created_by as created_8_22_,
        course0_.credits as credits9_22_,
        course0_.description as descrip10_22_,
        course0_.school_id as school_11_22_,
        course0_.semester as semeste12_22_,
        course0_.status as status13_22_,
        course0_.teaching_department as teachin14_22_,
        course0_.updated_at as updated15_22_ 
    from
        course course0_
Hibernate: 
    select
        course0_.id as id1_22_,
        course0_.assessment_method as assessme2_22_,
        course0_.course_category as course_c3_22_,
        course0_.course_code as course_c4_22_,
        course0_.course_name as course_n5_22_,
        course0_.cover_image as cover_im6_22_,
        course0_.created_at as created_7_22_,
        course0_.created_by as created_8_22_,
        course0_.credits as credits9_22_,
        course0_.description as descrip10_22_,
        course0_.school_id as school_11_22_,
        course0_.semester as semeste12_22_,
        course0_.status as status13_22_,
        course0_.teaching_department as teachin14_22_,
        course0_.updated_at as updated15_22_ 
    from
        course course0_
2026-09-05 20:21:38 [MessageBroker-1] DEBUG org.hibernate.SQL - 
    UPDATE
        teaching_activity 
    SET
        status = 'ONGOING' 
    WHERE
        is_deleted = false 
        AND status = 'APPROVED' 
        AND activity_time <= NOW() 
        AND DATE_ADD(activity_time, INTERVAL duration MINUTE) > NOW()
Hibernate: 
    UPDATE
        teaching_activity 
    SET
        status = 'ONGOING' 
    WHERE
        is_deleted = false 
        AND status = 'APPROVED' 
        AND activity_time <= NOW() 
        AND DATE_ADD(activity_time, INTERVAL duration MINUTE) > NOW()
2026-09-05 20:21:38 [MessageBroker-1] DEBUG org.hibernate.SQL - 
    UPDATE
        teaching_activity 
    SET
        status = 'ENDED_PENDING_ARCHIVE' 
    WHERE
        is_deleted = false 
        AND status IN (
            'APPROVED', 'ONGOING'
        ) 
        AND DATE_ADD(activity_time, INTERVAL duration MINUTE) <= NOW()
Hibernate: 
    UPDATE
        teaching_activity 
    SET
        status = 'ENDED_PENDING_ARCHIVE' 
    WHERE
        is_deleted = false 
        AND status IN (
            'APPROVED', 'ONGOING'
        ) 
        AND DATE_ADD(activity_time, INTERVAL duration MINUTE) <= NOW()
2026-09-05 20:21:39 [http-nio-8080-exec-1] INFO  o.a.c.c.C.[Tomcat].[localhost].[/] - Initializing Spring DispatcherServlet 'dispatcherServlet'
2026-09-05 20:21:39 [http-nio-8080-exec-1] INFO  o.s.web.servlet.DispatcherServlet - Initializing Servlet 'dispatcherServlet'
2026-09-05 20:21:39 [http-nio-8080-exec-1] INFO  o.s.web.servlet.DispatcherServlet - Completed initialization in 1 ms
2026-09-05 20:21:39 [http-nio-8080-exec-1] DEBUG o.s.security.web.FilterChainProxy - Securing GET /api/notifications/unread-count
2026-09-05 20:21:39 [http-nio-8080-exec-1] DEBUG o.s.s.w.c.SecurityContextPersistenceFilter - Set SecurityContextHolder to empty SecurityContext
2026-09-05 20:21:39 [http-nio-8080-exec-1] DEBUG c.v.security.JwtAuthenticationFilter - JWT过滤: GET /api/notifications/unread-count
2026-09-05 20:21:39 [http-nio-8080-exec-1] DEBUG c.v.security.JwtAuthenticationFilter - 提取Token: 存在
2026-09-05 20:21:39 [http-nio-8080-exec-1] DEBUG com.vtr.security.JwtTokenProvider - Token验证成功
2026-09-05 20:21:39 [http-nio-8080-exec-1] DEBUG com.vtr.security.JwtTokenProvider - 从Token解析角色: [TEACHER]
2026-09-05 20:21:39 [http-nio-8080-exec-1] INFO  c.v.security.JwtAuthenticationFilter - 从Token解析: userId=2, username=teacher, roles=[TEACHER]
2026-09-05 20:21:39 [http-nio-8080-exec-1] INFO  c.v.security.JwtAuthenticationFilter - 认证成功: userId=2, username=teacher, roles=[TEACHER], isAdmin=false
2026-09-05 20:21:39 [http-nio-8080-exec-1] DEBUG o.s.s.w.u.m.RegexRequestMatcher - Checking match of request : '/api/notifications/unread-count'; against '/api/users/\d+'
2026-09-05 20:21:39 [http-nio-8080-exec-1] DEBUG o.s.security.web.FilterChainProxy - Secured GET /api/notifications/unread-count
2026-09-05 20:21:39 [http-nio-8080-exec-1] DEBUG o.s.s.a.i.a.MethodSecurityInterceptor - Authorized ReflectiveMethodInvocation: public com.vtr.common.Result com.vtr.controller.NotificationController.getUnreadCount(); target is of class [com.vtr.controller.NotificationController] with attributes [[authorize: 'isAuthenticated()', filter: 'null', filterTarget: 'null']]
2026-09-05 20:21:39 [http-nio-8080-exec-1] DEBUG org.hibernate.SQL - 
    select
        count(notificati0_.id) as col_0_0_ 
    from
        notification notificati0_ 
    where
        notificati0_.user_id=? 
        and notificati0_.is_read=0
Hibernate: 
    select
        count(notificati0_.id) as col_0_0_ 
    from
        notification notificati0_ 
    where
        notificati0_.user_id=? 
        and notificati0_.is_read=0
2026-09-05 20:21:39 [http-nio-8080-exec-1] TRACE o.h.type.descriptor.sql.BasicBinder - binding parameter [1] as [BIGINT] - [2]
2026-09-05 20:21:39 [http-nio-8080-exec-1] DEBUG o.s.s.w.c.SecurityContextPersistenceFilter - Cleared SecurityContextHolder to complete request
2026-09-05 20:21:43 [MessageBroker-2] DEBUG org.hibernate.SQL - 
    select
        assignment0_.id as id1_13_,
        assignment0_.created_at as created_2_13_,
        assignment0_.created_by as created_3_13_,
        assignment0_.is_deleted as is_delet4_13_,
        assignment0_.updated_at as updated_5_13_,
        assignment0_.updated_by as updated_6_13_,
        assignment0_.allowed_languages as allowed_7_13_,
        assignment0_.assignment_type as assignme8_13_,
        assignment0_.auto_test_ratio as auto_tes9_13_,
        assignment0_.classroom_id as classro10_13_,
        assignment0_.course_id as course_11_13_,
        assignment0_.deadline as deadlin12_13_,
        assignment0_.description as descrip13_13_,
        assignment0_.manual_review_ratio as manual_14_13_,
        assignment0_.max_submit_times as max_sub15_13_,
        assignment0_.memory_limit as memory_16_13_,
        assignment0_.publish_type as publish17_13_,
        assignment0_.question_ids as questio18_13_,
        assignment0_.reference_solution as referen19_13_,
        assignment0_.status as status20_13_,
        assignment0_.student_count as student21_13_,
        assignment0_.teacher_id as teacher26_13_,
        assignment0_.template_code as templat22_13_,
        assignment0_.time_limit as time_li23_13_,
        assignment0_.title as title24_13_,
        assignment0_.total_score as total_s25_13_ 
    from
        assignment assignment0_ 
    where
        (
            assignment0_.is_deleted = 0
        ) 
        and assignment0_.deadline>? 
        and assignment0_.status='PUBLISHED'
Hibernate: 
    select
        assignment0_.id as id1_13_,
        assignment0_.created_at as created_2_13_,
        assignment0_.created_by as created_3_13_,
        assignment0_.is_deleted as is_delet4_13_,
        assignment0_.updated_at as updated_5_13_,
        assignment0_.updated_by as updated_6_13_,
        assignment0_.allowed_languages as allowed_7_13_,
        assignment0_.assignment_type as assignme8_13_,
        assignment0_.auto_test_ratio as auto_tes9_13_,
        assignment0_.classroom_id as classro10_13_,
        assignment0_.course_id as course_11_13_,
        assignment0_.deadline as deadlin12_13_,
        assignment0_.description as descrip13_13_,
        assignment0_.manual_review_ratio as manual_14_13_,
        assignment0_.max_submit_times as max_sub15_13_,
        assignment0_.memory_limit as memory_16_13_,
        assignment0_.publish_type as publish17_13_,
        assignment0_.question_ids as questio18_13_,
        assignment0_.reference_solution as referen19_13_,
        assignment0_.status as status20_13_,
        assignment0_.student_count as student21_13_,
        assignment0_.teacher_id as teacher26_13_,
        assignment0_.template_code as templat22_13_,
        assignment0_.time_limit as time_li23_13_,
        assignment0_.title as title24_13_,
        assignment0_.total_score as total_s25_13_ 
    from
        assignment assignment0_ 
    where
        (
            assignment0_.is_deleted = 0
        ) 
        and assignment0_.deadline>? 
        and assignment0_.status='PUBLISHED'
2026-09-05 20:21:43 [MessageBroker-2] TRACE o.h.type.descriptor.sql.BasicBinder - binding parameter [1] as [TIMESTAMP] - [2026-09-05T20:21:43.309712500]
2026-09-05 20:21:43 [MessageBroker-2] DEBUG org.hibernate.SQL - 
    select
        classroom0_.id as id1_18_,
        classroom0_.class_name as class_na2_18_,
        classroom0_.course_id as course_i3_18_,
        classroom0_.created_at as created_4_18_,
        classroom0_.description as descript5_18_,
        classroom0_.grade as grade6_18_,
        classroom0_.invite_code as invite_c7_18_,
        classroom0_.semester as semester8_18_,
        classroom0_.status as status9_18_,
        classroom0_.student_count as student10_18_,
        classroom0_.teacher_id as teacher11_18_,
        classroom0_.updated_at as updated12_18_ 
    from
        classroom classroom0_ 
    where
        classroom0_.teacher_id=? 
        and classroom0_.status=?
Hibernate: 
    select
        classroom0_.id as id1_18_,
        classroom0_.class_name as class_na2_18_,
        classroom0_.course_id as course_i3_18_,
        classroom0_.created_at as created_4_18_,
        classroom0_.description as descript5_18_,
        classroom0_.grade as grade6_18_,
        classroom0_.invite_code as invite_c7_18_,
        classroom0_.semester as semester8_18_,
        classroom0_.status as status9_18_,
        classroom0_.student_count as student10_18_,
        classroom0_.teacher_id as teacher11_18_,
        classroom0_.updated_at as updated12_18_ 
    from
        classroom classroom0_ 
    where
        classroom0_.teacher_id=? 
        and classroom0_.status=?
2026-09-05 20:21:43 [MessageBroker-2] TRACE o.h.type.descriptor.sql.BasicBinder - binding parameter [1] as [BIGINT] - [2]
2026-09-05 20:21:43 [MessageBroker-2] TRACE o.h.type.descriptor.sql.BasicBinder - binding parameter [2] as [VARCHAR] - [ACTIVE]
2026-09-05 20:21:43 [MessageBroker-2] DEBUG org.hibernate.SQL - 
    select
        classrooms0_.id as id1_19_,
        classrooms0_.classroom_id as classroo2_19_,
        classrooms0_.created_at as created_3_19_,
        classrooms0_.removed_at as removed_4_19_,
        classrooms0_.status as status5_19_,
        classrooms0_.student_id as student_6_19_,
        classrooms0_.student_number as student_7_19_ 
    from
        classroom_student_relation classrooms0_ 
    where
        (
            classrooms0_.classroom_id in (
                ?
            )
        ) 
        and classrooms0_.status=?
Hibernate: 
    select
        classrooms0_.id as id1_19_,
        classrooms0_.classroom_id as classroo2_19_,
        classrooms0_.created_at as created_3_19_,
        classrooms0_.removed_at as removed_4_19_,
        classrooms0_.status as status5_19_,
        classrooms0_.student_id as student_6_19_,
        classrooms0_.student_number as student_7_19_ 
    from
        classroom_student_relation classrooms0_ 
    where
        (
            classrooms0_.classroom_id in (
                ?
            )
        ) 
        and classrooms0_.status=?
2026-09-05 20:21:43 [MessageBroker-2] TRACE o.h.type.descriptor.sql.BasicBinder - binding parameter [1] as [BIGINT] - [1]
2026-09-05 20:21:43 [MessageBroker-2] TRACE o.h.type.descriptor.sql.BasicBinder - binding parameter [2] as [VARCHAR] - [ACTIVE]
2026-09-05 20:21:43 [MessageBroker-2] DEBUG org.hibernate.SQL - 
    select
        count(submission0_.id) as col_0_0_ 
    from
        submission submission0_ 
    where
        submission0_.assignment_id=? 
        and (
            ? is null 
            or submission0_.student_id=?
        )
Hibernate: 
    select
        count(submission0_.id) as col_0_0_ 
    from
        submission submission0_ 
    where
        submission0_.assignment_id=? 
        and (
            ? is null 
            or submission0_.student_id=?
        )
2026-09-05 20:21:43 [MessageBroker-2] TRACE o.h.type.descriptor.sql.BasicBinder - binding parameter [1] as [BIGINT] - [4]
2026-09-05 20:21:43 [MessageBroker-2] TRACE o.h.type.descriptor.sql.BasicBinder - binding parameter [2] as [BIGINT] - [3]
2026-09-05 20:21:43 [MessageBroker-2] TRACE o.h.type.descriptor.sql.BasicBinder - binding parameter [3] as [BIGINT] - [3]
2026-09-05 20:21:43 [MessageBroker-2] DEBUG org.hibernate.SQL - 
    select
        notificati0_.id as col_0_0_ 
    from
        notification notificati0_ 
    where
        notificati0_.user_id=? 
        and notificati0_.type=? 
        and notificati0_.related_id=? limit ?
Hibernate: 
    select
        notificati0_.id as col_0_0_ 
    from
        notification notificati0_ 
    where
        notificati0_.user_id=? 
        and notificati0_.type=? 
        and notificati0_.related_id=? limit ?
2026-09-05 20:21:43 [MessageBroker-2] TRACE o.h.type.descriptor.sql.BasicBinder - binding parameter [1] as [BIGINT] - [3]
2026-09-05 20:21:43 [MessageBroker-2] TRACE o.h.type.descriptor.sql.BasicBinder - binding parameter [2] as [VARCHAR] - [ASSIGNMENT_DEADLINE_REMINDER]
2026-09-05 20:21:43 [MessageBroker-2] TRACE o.h.type.descriptor.sql.BasicBinder - binding parameter [3] as [BIGINT] - [4]
2026-09-05 20:22:09 [http-nio-8080-exec-2] DEBUG o.s.security.web.FilterChainProxy - Securing GET /api/notifications/unread-count
2026-09-05 20:22:09 [http-nio-8080-exec-2] DEBUG o.s.s.w.c.SecurityContextPersistenceFilter - Set SecurityContextHolder to empty SecurityContext
2026-09-05 20:22:09 [http-nio-8080-exec-2] DEBUG c.v.security.JwtAuthenticationFilter - JWT过滤: GET /api/notifications/unread-count
2026-09-05 20:22:09 [http-nio-8080-exec-2] DEBUG c.v.security.JwtAuthenticationFilter - 提取Token: 存在
2026-09-05 20:22:09 [http-nio-8080-exec-2] DEBUG com.vtr.security.JwtTokenProvider - Token验证成功
2026-09-05 20:22:09 [http-nio-8080-exec-2] DEBUG com.vtr.security.JwtTokenProvider - 从Token解析角色: [TEACHER]
2026-09-05 20:22:09 [http-nio-8080-exec-2] INFO  c.v.security.JwtAuthenticationFilter - 从Token解析: userId=2, username=teacher, roles=[TEACHER]
2026-09-05 20:22:09 [http-nio-8080-exec-2] INFO  c.v.security.JwtAuthenticationFilter - 认证成功: userId=2, username=teacher, roles=[TEACHER], isAdmin=false
2026-09-05 20:22:09 [http-nio-8080-exec-2] DEBUG o.s.s.w.u.m.RegexRequestMatcher - Checking match of request : '/api/notifications/unread-count'; against '/api/users/\d+'
2026-09-05 20:22:09 [http-nio-8080-exec-2] DEBUG o.s.security.web.FilterChainProxy - Secured GET /api/notifications/unread-count
2026-09-05 20:22:09 [http-nio-8080-exec-2] DEBUG o.s.s.a.i.a.MethodSecurityInterceptor - Authorized ReflectiveMethodInvocation: public com.vtr.common.Result com.vtr.controller.NotificationController.getUnreadCount(); target is of class [com.vtr.controller.NotificationController] with attributes [[authorize: 'isAuthenticated()', filter: 'null', filterTarget: 'null']]
2026-09-05 20:22:09 [http-nio-8080-exec-2] DEBUG org.hibernate.SQL - 
    select
        count(notificati0_.id) as col_0_0_ 
    from
        notification notificati0_ 
    where
        notificati0_.user_id=? 
        and notificati0_.is_read=0
Hibernate: 
    select
        count(notificati0_.id) as col_0_0_ 
    from
        notification notificati0_ 
    where
        notificati0_.user_id=? 
        and notificati0_.is_read=0
2026-09-05 20:22:09 [http-nio-8080-exec-2] TRACE o.h.type.descriptor.sql.BasicBinder - binding parameter [1] as [BIGINT] - [2]
2026-09-05 20:22:09 [http-nio-8080-exec-2] DEBUG o.s.s.w.c.SecurityContextPersistenceFilter - Cleared SecurityContextHolder to complete request
2026-09-05 20:22:27 [MessageBroker-3] INFO  o.s.w.s.c.WebSocketMessageBrokerStats - WebSocketSession[0 current WS(0)-HttpStream(0)-HttpPoll(0), 0 total, 0 closed abnormally (0 connect failure, 0 send limit, 0 transport error)], stompSubProtocol[processed CONNECT(0)-CONNECTED(0)-DISCONNECT(0)], stompBrokerRelay[null], inboundChannel[pool size = 0, active threads = 0, queued tasks = 0, completed tasks = 0], outboundChannel[pool size = 0, active threads = 0, queued tasks = 0, completed tasks = 0], sockJsScheduler[pool size = 6, active threads = 1, queued tasks = 3, completed tasks = 2]
2026-09-05 20:22:38 [MessageBroker-4] DEBUG org.hibernate.SQL - 
    UPDATE
        teaching_activity 
    SET
        status = 'ONGOING' 
    WHERE
        is_deleted = false 
        AND status = 'APPROVED' 
        AND activity_time <= NOW() 
        AND DATE_ADD(activity_time, INTERVAL duration MINUTE) > NOW()
Hibernate: 
    UPDATE
        teaching_activity 
    SET
        status = 'ONGOING' 
    WHERE
        is_deleted = false 
        AND status = 'APPROVED' 
        AND activity_time <= NOW() 
        AND DATE_ADD(activity_time, INTERVAL duration MINUTE) > NOW()
2026-09-05 20:22:38 [MessageBroker-4] DEBUG org.hibernate.SQL - 
    UPDATE
        teaching_activity 
    SET
        status = 'ENDED_PENDING_ARCHIVE' 
    WHERE
        is_deleted = false 
        AND status IN (
            'APPROVED', 'ONGOING'
        ) 
        AND DATE_ADD(activity_time, INTERVAL duration MINUTE) <= NOW()
Hibernate: 
    UPDATE
        teaching_activity 
    SET
        status = 'ENDED_PENDING_ARCHIVE' 
    WHERE
        is_deleted = false 
        AND status IN (
            'APPROVED', 'ONGOING'
        ) 
        AND DATE_ADD(activity_time, INTERVAL duration MINUTE) <= NOW()
2026-09-05 20:22:39 [http-nio-8080-exec-5] DEBUG o.s.security.web.FilterChainProxy - Securing GET /api/notifications/unread-count
2026-09-05 20:22:39 [http-nio-8080-exec-5] DEBUG o.s.s.w.c.SecurityContextPersistenceFilter - Set SecurityContextHolder to empty SecurityContext
2026-09-05 20:22:39 [http-nio-8080-exec-5] DEBUG c.v.security.JwtAuthenticationFilter - JWT过滤: GET /api/notifications/unread-count
2026-09-05 20:22:39 [http-nio-8080-exec-5] DEBUG c.v.security.JwtAuthenticationFilter - 提取Token: 存在
2026-09-05 20:22:39 [http-nio-8080-exec-5] DEBUG com.vtr.security.JwtTokenProvider - Token验证成功
2026-09-05 20:22:39 [http-nio-8080-exec-5] DEBUG com.vtr.security.JwtTokenProvider - 从Token解析角色: [TEACHER]
2026-09-05 20:22:39 [http-nio-8080-exec-5] INFO  c.v.security.JwtAuthenticationFilter - 从Token解析: userId=2, username=teacher, roles=[TEACHER]
2026-09-05 20:22:39 [http-nio-8080-exec-5] INFO  c.v.security.JwtAuthenticationFilter - 认证成功: userId=2, username=teacher, roles=[TEACHER], isAdmin=false
2026-09-05 20:22:39 [http-nio-8080-exec-5] DEBUG o.s.s.w.u.m.RegexRequestMatcher - Checking match of request : '/api/notifications/unread-count'; against '/api/users/\d+'
2026-09-05 20:22:39 [http-nio-8080-exec-5] DEBUG o.s.security.web.FilterChainProxy - Secured GET /api/notifications/unread-count
2026-09-05 20:22:39 [http-nio-8080-exec-5] DEBUG o.s.s.a.i.a.MethodSecurityInterceptor - Authorized ReflectiveMethodInvocation: public com.vtr.common.Result com.vtr.controller.NotificationController.getUnreadCount(); target is of class [com.vtr.controller.NotificationController] with attributes [[authorize: 'isAuthenticated()', filter: 'null', filterTarget: 'null']]
2026-09-05 20:22:39 [http-nio-8080-exec-5] DEBUG org.hibernate.SQL - 
    select
        count(notificati0_.id) as col_0_0_ 
    from
        notification notificati0_ 
    where
        notificati0_.user_id=? 
        and notificati0_.is_read=0
Hibernate: 
    select
        count(notificati0_.id) as col_0_0_ 
    from
        notification notificati0_ 
    where
        notificati0_.user_id=? 
        and notificati0_.is_read=0
2026-09-05 20:22:39 [http-nio-8080-exec-5] TRACE o.h.type.descriptor.sql.BasicBinder - binding parameter [1] as [BIGINT] - [2]
2026-09-05 20:22:39 [http-nio-8080-exec-5] DEBUG o.s.s.w.c.SecurityContextPersistenceFilter - Cleared SecurityContextHolder to complete request
2026-09-05 20:22:43 [MessageBroker-1] DEBUG org.hibernate.SQL - 
    select
        assignment0_.id as id1_13_,
        assignment0_.created_at as created_2_13_,
        assignment0_.created_by as created_3_13_,
        assignment0_.is_deleted as is_delet4_13_,
        assignment0_.updated_at as updated_5_13_,
        assignment0_.updated_by as updated_6_13_,
        assignment0_.allowed_languages as allowed_7_13_,
        assignment0_.assignment_type as assignme8_13_,
        assignment0_.auto_test_ratio as auto_tes9_13_,
        assignment0_.classroom_id as classro10_13_,
        assignment0_.course_id as course_11_13_,
        assignment0_.deadline as deadlin12_13_,
        assignment0_.description as descrip13_13_,
        assignment0_.manual_review_ratio as manual_14_13_,
        assignment0_.max_submit_times as max_sub15_13_,
        assignment0_.memory_limit as memory_16_13_,
        assignment0_.publish_type as publish17_13_,
        assignment0_.question_ids as questio18_13_,
        assignment0_.reference_solution as referen19_13_,
        assignment0_.status as status20_13_,
        assignment0_.student_count as student21_13_,
        assignment0_.teacher_id as teacher26_13_,
        assignment0_.template_code as templat22_13_,
        assignment0_.time_limit as time_li23_13_,
        assignment0_.title as title24_13_,
        assignment0_.total_score as total_s25_13_ 
    from
        assignment assignment0_ 
    where
        (
            assignment0_.is_deleted = 0
        ) 
        and assignment0_.deadline>? 
        and assignment0_.status='PUBLISHED'
Hibernate: 
    select
        assignment0_.id as id1_13_,
        assignment0_.created_at as created_2_13_,
        assignment0_.created_by as created_3_13_,
        assignment0_.is_deleted as is_delet4_13_,
        assignment0_.updated_at as updated_5_13_,
        assignment0_.updated_by as updated_6_13_,
        assignment0_.allowed_languages as allowed_7_13_,
        assignment0_.assignment_type as assignme8_13_,
        assignment0_.auto_test_ratio as auto_tes9_13_,
        assignment0_.classroom_id as classro10_13_,
        assignment0_.course_id as course_11_13_,
        assignment0_.deadline as deadlin12_13_,
        assignment0_.description as descrip13_13_,
        assignment0_.manual_review_ratio as manual_14_13_,
        assignment0_.max_submit_times as max_sub15_13_,
        assignment0_.memory_limit as memory_16_13_,
        assignment0_.publish_type as publish17_13_,
        assignment0_.question_ids as questio18_13_,
        assignment0_.reference_solution as referen19_13_,
        assignment0_.status as status20_13_,
        assignment0_.student_count as student21_13_,
        assignment0_.teacher_id as teacher26_13_,
        assignment0_.template_code as templat22_13_,
        assignment0_.time_limit as time_li23_13_,
        assignment0_.title as title24_13_,
        assignment0_.total_score as total_s25_13_ 
    from
        assignment assignment0_ 
    where
        (
            assignment0_.is_deleted = 0
        ) 
        and assignment0_.deadline>? 
        and assignment0_.status='PUBLISHED'
2026-09-05 20:22:43 [MessageBroker-1] TRACE o.h.type.descriptor.sql.BasicBinder - binding parameter [1] as [TIMESTAMP] - [2026-09-05T20:22:43.358747500]
2026-09-05 20:22:43 [MessageBroker-1] DEBUG org.hibernate.SQL - 
    select
        classroom0_.id as id1_18_,
        classroom0_.class_name as class_na2_18_,
        classroom0_.course_id as course_i3_18_,
        classroom0_.created_at as created_4_18_,
        classroom0_.description as descript5_18_,
        classroom0_.grade as grade6_18_,
        classroom0_.invite_code as invite_c7_18_,
        classroom0_.semester as semester8_18_,
        classroom0_.status as status9_18_,
        classroom0_.student_count as student10_18_,
        classroom0_.teacher_id as teacher11_18_,
        classroom0_.updated_at as updated12_18_ 
    from
        classroom classroom0_ 
    where
        classroom0_.teacher_id=? 
        and classroom0_.status=?
Hibernate: 
    select
        classroom0_.id as id1_18_,
        classroom0_.class_name as class_na2_18_,
        classroom0_.course_id as course_i3_18_,
        classroom0_.created_at as created_4_18_,
        classroom0_.description as descript5_18_,
        classroom0_.grade as grade6_18_,
        classroom0_.invite_code as invite_c7_18_,
        classroom0_.semester as semester8_18_,
        classroom0_.status as status9_18_,
        classroom0_.student_count as student10_18_,
        classroom0_.teacher_id as teacher11_18_,
        classroom0_.updated_at as updated12_18_ 
    from
        classroom classroom0_ 
    where
        classroom0_.teacher_id=? 
        and classroom0_.status=?
2026-09-05 20:22:43 [MessageBroker-1] TRACE o.h.type.descriptor.sql.BasicBinder - binding parameter [1] as [BIGINT] - [2]
2026-09-05 20:22:43 [MessageBroker-1] TRACE o.h.type.descriptor.sql.BasicBinder - binding parameter [2] as [VARCHAR] - [ACTIVE]
2026-09-05 20:22:43 [MessageBroker-1] DEBUG org.hibernate.SQL - 
    select
        classrooms0_.id as id1_19_,
        classrooms0_.classroom_id as classroo2_19_,
        classrooms0_.created_at as created_3_19_,
        classrooms0_.removed_at as removed_4_19_,
        classrooms0_.status as status5_19_,
        classrooms0_.student_id as student_6_19_,
        classrooms0_.student_number as student_7_19_ 
    from
        classroom_student_relation classrooms0_ 
    where
        (
            classrooms0_.classroom_id in (
                ?
            )
        ) 
        and classrooms0_.status=?
Hibernate: 
    select
        classrooms0_.id as id1_19_,
        classrooms0_.classroom_id as classroo2_19_,
        classrooms0_.created_at as created_3_19_,
        classrooms0_.removed_at as removed_4_19_,
        classrooms0_.status as status5_19_,
        classrooms0_.student_id as student_6_19_,
        classrooms0_.student_number as student_7_19_ 
    from
        classroom_student_relation classrooms0_ 
    where
        (
            classrooms0_.classroom_id in (
                ?
            )
        ) 
        and classrooms0_.status=?
2026-09-05 20:22:43 [MessageBroker-1] TRACE o.h.type.descriptor.sql.BasicBinder - binding parameter [1] as [BIGINT] - [1]
2026-09-05 20:22:43 [MessageBroker-1] TRACE o.h.type.descriptor.sql.BasicBinder - binding parameter [2] as [VARCHAR] - [ACTIVE]
2026-09-05 20:22:43 [MessageBroker-1] DEBUG org.hibernate.SQL - 
    select
        count(submission0_.id) as col_0_0_ 
    from
        submission submission0_ 
    where
        submission0_.assignment_id=? 
        and (
            ? is null 
            or submission0_.student_id=?
        )
Hibernate: 
    select
        count(submission0_.id) as col_0_0_ 
    from
        submission submission0_ 
    where
        submission0_.assignment_id=? 
        and (
            ? is null 
            or submission0_.student_id=?
        )
2026-09-05 20:22:43 [MessageBroker-1] TRACE o.h.type.descriptor.sql.BasicBinder - binding parameter [1] as [BIGINT] - [4]
2026-09-05 20:22:43 [MessageBroker-1] TRACE o.h.type.descriptor.sql.BasicBinder - binding parameter [2] as [BIGINT] - [3]
2026-09-05 20:22:43 [MessageBroker-1] TRACE o.h.type.descriptor.sql.BasicBinder - binding parameter [3] as [BIGINT] - [3]
2026-09-05 20:22:43 [MessageBroker-1] DEBUG org.hibernate.SQL - 
    select
        notificati0_.id as col_0_0_ 
    from
        notification notificati0_ 
    where
        notificati0_.user_id=? 
        and notificati0_.type=? 
        and notificati0_.related_id=? limit ?
Hibernate: 
    select
        notificati0_.id as col_0_0_ 
    from
        notification notificati0_ 
    where
        notificati0_.user_id=? 
        and notificati0_.type=? 
        and notificati0_.related_id=? limit ?
2026-09-05 20:22:43 [MessageBroker-1] TRACE o.h.type.descriptor.sql.BasicBinder - binding parameter [1] as [BIGINT] - [3]
2026-09-05 20:22:43 [MessageBroker-1] TRACE o.h.type.descriptor.sql.BasicBinder - binding parameter [2] as [VARCHAR] - [ASSIGNMENT_DEADLINE_REMINDER]
2026-09-05 20:22:43 [MessageBroker-1] TRACE o.h.type.descriptor.sql.BasicBinder - binding parameter [3] as [BIGINT] - [4]
2026-09-05 20:23:09 [http-nio-8080-exec-4] DEBUG o.s.security.web.FilterChainProxy - Securing GET /api/notifications/unread-count
2026-09-05 20:23:09 [http-nio-8080-exec-4] DEBUG o.s.s.w.c.SecurityContextPersistenceFilter - Set SecurityContextHolder to empty SecurityContext
2026-09-05 20:23:09 [http-nio-8080-exec-4] DEBUG c.v.security.JwtAuthenticationFilter - JWT过滤: GET /api/notifications/unread-count
2026-09-05 20:23:09 [http-nio-8080-exec-4] DEBUG c.v.security.JwtAuthenticationFilter - 提取Token: 存在
2026-09-05 20:23:09 [http-nio-8080-exec-4] DEBUG com.vtr.security.JwtTokenProvider - Token验证成功
2026-09-05 20:23:09 [http-nio-8080-exec-4] DEBUG com.vtr.security.JwtTokenProvider - 从Token解析角色: [TEACHER]
2026-09-05 20:23:09 [http-nio-8080-exec-4] INFO  c.v.security.JwtAuthenticationFilter - 从Token解析: userId=2, username=teacher, roles=[TEACHER]
2026-09-05 20:23:09 [http-nio-8080-exec-4] INFO  c.v.security.JwtAuthenticationFilter - 认证成功: userId=2, username=teacher, roles=[TEACHER], isAdmin=false
2026-09-05 20:23:09 [http-nio-8080-exec-4] DEBUG o.s.s.w.u.m.RegexRequestMatcher - Checking match of request : '/api/notifications/unread-count'; against '/api/users/\d+'
2026-09-05 20:23:09 [http-nio-8080-exec-4] DEBUG o.s.security.web.FilterChainProxy - Secured GET /api/notifications/unread-count
2026-09-05 20:23:09 [http-nio-8080-exec-4] DEBUG o.s.s.a.i.a.MethodSecurityInterceptor - Authorized ReflectiveMethodInvocation: public com.vtr.common.Result com.vtr.controller.NotificationController.getUnreadCount(); target is of class [com.vtr.controller.NotificationController] with attributes [[authorize: 'isAuthenticated()', filter: 'null', filterTarget: 'null']]
2026-09-05 20:23:09 [http-nio-8080-exec-4] DEBUG org.hibernate.SQL - 
    select
        count(notificati0_.id) as col_0_0_ 
    from
        notification notificati0_ 
    where
        notificati0_.user_id=? 
        and notificati0_.is_read=0
Hibernate: 
    select
        count(notificati0_.id) as col_0_0_ 
    from
        notification notificati0_ 
    where
        notificati0_.user_id=? 
        and notificati0_.is_read=0
2026-09-05 20:23:09 [http-nio-8080-exec-4] TRACE o.h.type.descriptor.sql.BasicBinder - binding parameter [1] as [BIGINT] - [2]
2026-09-05 20:23:09 [http-nio-8080-exec-4] DEBUG o.s.s.w.c.SecurityContextPersistenceFilter - Cleared SecurityContextHolder to complete request
2026-09-05 20:23:38 [MessageBroker-5] DEBUG org.hibernate.SQL - 
    UPDATE
        teaching_activity 
    SET
        status = 'ONGOING' 
    WHERE
        is_deleted = false 
        AND status = 'APPROVED' 
        AND activity_time <= NOW() 
        AND DATE_ADD(activity_time, INTERVAL duration MINUTE) > NOW()
Hibernate: 
    UPDATE
        teaching_activity 
    SET
        status = 'ONGOING' 
    WHERE
        is_deleted = false 
        AND status = 'APPROVED' 
        AND activity_time <= NOW() 
        AND DATE_ADD(activity_time, INTERVAL duration MINUTE) > NOW()
2026-09-05 20:23:38 [MessageBroker-5] DEBUG org.hibernate.SQL - 
    UPDATE
        teaching_activity 
    SET
        status = 'ENDED_PENDING_ARCHIVE' 
    WHERE
        is_deleted = false 
        AND status IN (
            'APPROVED', 'ONGOING'
        ) 
        AND DATE_ADD(activity_time, INTERVAL duration MINUTE) <= NOW()
Hibernate: 
    UPDATE
        teaching_activity 
    SET
        status = 'ENDED_PENDING_ARCHIVE' 
    WHERE
        is_deleted = false 
        AND status IN (
            'APPROVED', 'ONGOING'
        ) 
        AND DATE_ADD(activity_time, INTERVAL duration MINUTE) <= NOW()
2026-09-05 20:23:39 [http-nio-8080-exec-3] DEBUG o.s.security.web.FilterChainProxy - Securing GET /api/notifications/unread-count
2026-09-05 20:23:39 [http-nio-8080-exec-3] DEBUG o.s.s.w.c.SecurityContextPersistenceFilter - Set SecurityContextHolder to empty SecurityContext
2026-09-05 20:23:39 [http-nio-8080-exec-3] DEBUG c.v.security.JwtAuthenticationFilter - JWT过滤: GET /api/notifications/unread-count
2026-09-05 20:23:39 [http-nio-8080-exec-3] DEBUG c.v.security.JwtAuthenticationFilter - 提取Token: 存在
2026-09-05 20:23:39 [http-nio-8080-exec-3] DEBUG com.vtr.security.JwtTokenProvider - Token验证成功
2026-09-05 20:23:39 [http-nio-8080-exec-3] DEBUG com.vtr.security.JwtTokenProvider - 从Token解析角色: [TEACHER]
2026-09-05 20:23:39 [http-nio-8080-exec-3] INFO  c.v.security.JwtAuthenticationFilter - 从Token解析: userId=2, username=teacher, roles=[TEACHER]
2026-09-05 20:23:39 [http-nio-8080-exec-3] INFO  c.v.security.JwtAuthenticationFilter - 认证成功: userId=2, username=teacher, roles=[TEACHER], isAdmin=false
2026-09-05 20:23:39 [http-nio-8080-exec-3] DEBUG o.s.s.w.u.m.RegexRequestMatcher - Checking match of request : '/api/notifications/unread-count'; against '/api/users/\d+'
2026-09-05 20:23:39 [http-nio-8080-exec-3] DEBUG o.s.security.web.FilterChainProxy - Secured GET /api/notifications/unread-count
2026-09-05 20:23:39 [http-nio-8080-exec-3] DEBUG o.s.s.a.i.a.MethodSecurityInterceptor - Authorized ReflectiveMethodInvocation: public com.vtr.common.Result com.vtr.controller.NotificationController.getUnreadCount(); target is of class [com.vtr.controller.NotificationController] with attributes [[authorize: 'isAuthenticated()', filter: 'null', filterTarget: 'null']]
2026-09-05 20:23:39 [http-nio-8080-exec-3] DEBUG org.hibernate.SQL - 
    select
        count(notificati0_.id) as col_0_0_ 
    from
        notification notificati0_ 
    where
        notificati0_.user_id=? 
        and notificati0_.is_read=0
Hibernate: 
    select
        count(notificati0_.id) as col_0_0_ 
    from
        notification notificati0_ 
    where
        notificati0_.user_id=? 
        and notificati0_.is_read=0
2026-09-05 20:23:39 [http-nio-8080-exec-3] TRACE o.h.type.descriptor.sql.BasicBinder - binding parameter [1] as [BIGINT] - [2]
2026-09-05 20:23:39 [http-nio-8080-exec-3] DEBUG o.s.s.w.c.SecurityContextPersistenceFilter - Cleared SecurityContextHolder to complete request
2026-09-05 20:23:43 [MessageBroker-2] DEBUG org.hibernate.SQL - 
    select
        assignment0_.id as id1_13_,
        assignment0_.created_at as created_2_13_,
        assignment0_.created_by as created_3_13_,
        assignment0_.is_deleted as is_delet4_13_,
        assignment0_.updated_at as updated_5_13_,
        assignment0_.updated_by as updated_6_13_,
        assignment0_.allowed_languages as allowed_7_13_,
        assignment0_.assignment_type as assignme8_13_,
        assignment0_.auto_test_ratio as auto_tes9_13_,
        assignment0_.classroom_id as classro10_13_,
        assignment0_.course_id as course_11_13_,
        assignment0_.deadline as deadlin12_13_,
        assignment0_.description as descrip13_13_,
        assignment0_.manual_review_ratio as manual_14_13_,
        assignment0_.max_submit_times as max_sub15_13_,
        assignment0_.memory_limit as memory_16_13_,
        assignment0_.publish_type as publish17_13_,
        assignment0_.question_ids as questio18_13_,
        assignment0_.reference_solution as referen19_13_,
        assignment0_.status as status20_13_,
        assignment0_.student_count as student21_13_,
        assignment0_.teacher_id as teacher26_13_,
        assignment0_.template_code as templat22_13_,
        assignment0_.time_limit as time_li23_13_,
        assignment0_.title as title24_13_,
        assignment0_.total_score as total_s25_13_ 
    from
        assignment assignment0_ 
    where
        (
            assignment0_.is_deleted = 0
        ) 
        and assignment0_.deadline>? 
        and assignment0_.status='PUBLISHED'
Hibernate: 
    select
        assignment0_.id as id1_13_,
        assignment0_.created_at as created_2_13_,
        assignment0_.created_by as created_3_13_,
        assignment0_.is_deleted as is_delet4_13_,
        assignment0_.updated_at as updated_5_13_,
        assignment0_.updated_by as updated_6_13_,
        assignment0_.allowed_languages as allowed_7_13_,
        assignment0_.assignment_type as assignme8_13_,
        assignment0_.auto_test_ratio as auto_tes9_13_,
        assignment0_.classroom_id as classro10_13_,
        assignment0_.course_id as course_11_13_,
        assignment0_.deadline as deadlin12_13_,
        assignment0_.description as descrip13_13_,
        assignment0_.manual_review_ratio as manual_14_13_,
        assignment0_.max_submit_times as max_sub15_13_,
        assignment0_.memory_limit as memory_16_13_,
        assignment0_.publish_type as publish17_13_,
        assignment0_.question_ids as questio18_13_,
        assignment0_.reference_solution as referen19_13_,
        assignment0_.status as status20_13_,
        assignment0_.student_count as student21_13_,
        assignment0_.teacher_id as teacher26_13_,
        assignment0_.template_code as templat22_13_,
        assignment0_.time_limit as time_li23_13_,
        assignment0_.title as title24_13_,
        assignment0_.total_score as total_s25_13_ 
    from
        assignment assignment0_ 
    where
        (
            assignment0_.is_deleted = 0
        ) 
        and assignment0_.deadline>? 
        and assignment0_.status='PUBLISHED'
2026-09-05 20:23:43 [MessageBroker-2] TRACE o.h.type.descriptor.sql.BasicBinder - binding parameter [1] as [TIMESTAMP] - [2026-09-05T20:23:43.390432900]
2026-09-05 20:23:43 [MessageBroker-2] DEBUG org.hibernate.SQL - 
    select
        classroom0_.id as id1_18_,
        classroom0_.class_name as class_na2_18_,
        classroom0_.course_id as course_i3_18_,
        classroom0_.created_at as created_4_18_,
        classroom0_.description as descript5_18_,
        classroom0_.grade as grade6_18_,
        classroom0_.invite_code as invite_c7_18_,
        classroom0_.semester as semester8_18_,
        classroom0_.status as status9_18_,
        classroom0_.student_count as student10_18_,
        classroom0_.teacher_id as teacher11_18_,
        classroom0_.updated_at as updated12_18_ 
    from
        classroom classroom0_ 
    where
        classroom0_.teacher_id=? 
        and classroom0_.status=?
Hibernate: 
    select
        classroom0_.id as id1_18_,
        classroom0_.class_name as class_na2_18_,
        classroom0_.course_id as course_i3_18_,
        classroom0_.created_at as created_4_18_,
        classroom0_.description as descript5_18_,
        classroom0_.grade as grade6_18_,
        classroom0_.invite_code as invite_c7_18_,
        classroom0_.semester as semester8_18_,
        classroom0_.status as status9_18_,
        classroom0_.student_count as student10_18_,
        classroom0_.teacher_id as teacher11_18_,
        classroom0_.updated_at as updated12_18_ 
    from
        classroom classroom0_ 
    where
        classroom0_.teacher_id=? 
        and classroom0_.status=?
2026-09-05 20:23:43 [MessageBroker-2] TRACE o.h.type.descriptor.sql.BasicBinder - binding parameter [1] as [BIGINT] - [2]
2026-09-05 20:23:43 [MessageBroker-2] TRACE o.h.type.descriptor.sql.BasicBinder - binding parameter [2] as [VARCHAR] - [ACTIVE]
2026-09-05 20:23:43 [MessageBroker-2] DEBUG org.hibernate.SQL - 
    select
        classrooms0_.id as id1_19_,
        classrooms0_.classroom_id as classroo2_19_,
        classrooms0_.created_at as created_3_19_,
        classrooms0_.removed_at as removed_4_19_,
        classrooms0_.status as status5_19_,
        classrooms0_.student_id as student_6_19_,
        classrooms0_.student_number as student_7_19_ 
    from
        classroom_student_relation classrooms0_ 
    where
        (
            classrooms0_.classroom_id in (
                ?
            )
        ) 
        and classrooms0_.status=?
Hibernate: 
    select
        classrooms0_.id as id1_19_,
        classrooms0_.classroom_id as classroo2_19_,
        classrooms0_.created_at as created_3_19_,
        classrooms0_.removed_at as removed_4_19_,
        classrooms0_.status as status5_19_,
        classrooms0_.student_id as student_6_19_,
        classrooms0_.student_number as student_7_19_ 
    from
        classroom_student_relation classrooms0_ 
    where
        (
            classrooms0_.classroom_id in (
                ?
            )
        ) 
        and classrooms0_.status=?
2026-09-05 20:23:43 [MessageBroker-2] TRACE o.h.type.descriptor.sql.BasicBinder - binding parameter [1] as [BIGINT] - [1]
2026-09-05 20:23:43 [MessageBroker-2] TRACE o.h.type.descriptor.sql.BasicBinder - binding parameter [2] as [VARCHAR] - [ACTIVE]
2026-09-05 20:23:43 [MessageBroker-2] DEBUG org.hibernate.SQL - 
    select
        count(submission0_.id) as col_0_0_ 
    from
        submission submission0_ 
    where
        submission0_.assignment_id=? 
        and (
            ? is null 
            or submission0_.student_id=?
        )
Hibernate: 
    select
        count(submission0_.id) as col_0_0_ 
    from
        submission submission0_ 
    where
        submission0_.assignment_id=? 
        and (
            ? is null 
            or submission0_.student_id=?
        )
2026-09-05 20:23:43 [MessageBroker-2] TRACE o.h.type.descriptor.sql.BasicBinder - binding parameter [1] as [BIGINT] - [4]
2026-09-05 20:23:43 [MessageBroker-2] TRACE o.h.type.descriptor.sql.BasicBinder - binding parameter [2] as [BIGINT] - [3]
2026-09-05 20:23:43 [MessageBroker-2] TRACE o.h.type.descriptor.sql.BasicBinder - binding parameter [3] as [BIGINT] - [3]
2026-09-05 20:23:43 [MessageBroker-2] DEBUG org.hibernate.SQL - 
    select
        notificati0_.id as col_0_0_ 
    from
        notification notificati0_ 
    where
        notificati0_.user_id=? 
        and notificati0_.type=? 
        and notificati0_.related_id=? limit ?
Hibernate: 
    select
        notificati0_.id as col_0_0_ 
    from
        notification notificati0_ 
    where
        notificati0_.user_id=? 
        and notificati0_.type=? 
        and notificati0_.related_id=? limit ?
2026-09-05 20:23:43 [MessageBroker-2] TRACE o.h.type.descriptor.sql.BasicBinder - binding parameter [1] as [BIGINT] - [3]
2026-09-05 20:23:43 [MessageBroker-2] TRACE o.h.type.descriptor.sql.BasicBinder - binding parameter [2] as [VARCHAR] - [ASSIGNMENT_DEADLINE_REMINDER]
2026-09-05 20:23:43 [MessageBroker-2] TRACE o.h.type.descriptor.sql.BasicBinder - binding parameter [3] as [BIGINT] - [4]
2026-09-05 20:24:09 [http-nio-8080-exec-6] DEBUG o.s.security.web.FilterChainProxy - Securing GET /api/notifications/unread-count
2026-09-05 20:24:09 [http-nio-8080-exec-6] DEBUG o.s.s.w.c.SecurityContextPersistenceFilter - Set SecurityContextHolder to empty SecurityContext
2026-09-05 20:24:09 [http-nio-8080-exec-6] DEBUG c.v.security.JwtAuthenticationFilter - JWT过滤: GET /api/notifications/unread-count
2026-09-05 20:24:09 [http-nio-8080-exec-6] DEBUG c.v.security.JwtAuthenticationFilter - 提取Token: 存在
2026-09-05 20:24:09 [http-nio-8080-exec-6] DEBUG com.vtr.security.JwtTokenProvider - Token验证成功
2026-09-05 20:24:09 [http-nio-8080-exec-6] DEBUG com.vtr.security.JwtTokenProvider - 从Token解析角色: [TEACHER]
2026-09-05 20:24:09 [http-nio-8080-exec-6] INFO  c.v.security.JwtAuthenticationFilter - 从Token解析: userId=2, username=teacher, roles=[TEACHER]
2026-09-05 20:24:09 [http-nio-8080-exec-6] INFO  c.v.security.JwtAuthenticationFilter - 认证成功: userId=2, username=teacher, roles=[TEACHER], isAdmin=false
2026-09-05 20:24:09 [http-nio-8080-exec-6] DEBUG o.s.s.w.u.m.RegexRequestMatcher - Checking match of request : '/api/notifications/unread-count'; against '/api/users/\d+'
2026-09-05 20:24:09 [http-nio-8080-exec-6] DEBUG o.s.security.web.FilterChainProxy - Secured GET /api/notifications/unread-count
2026-09-05 20:24:09 [http-nio-8080-exec-6] DEBUG o.s.s.a.i.a.MethodSecurityInterceptor - Authorized ReflectiveMethodInvocation: public com.vtr.common.Result com.vtr.controller.NotificationController.getUnreadCount(); target is of class [com.vtr.controller.NotificationController] with attributes [[authorize: 'isAuthenticated()', filter: 'null', filterTarget: 'null']]
2026-09-05 20:24:09 [http-nio-8080-exec-6] DEBUG org.hibernate.SQL - 
    select
        count(notificati0_.id) as col_0_0_ 
    from
        notification notificati0_ 
    where
        notificati0_.user_id=? 
        and notificati0_.is_read=0
Hibernate: 
    select
        count(notificati0_.id) as col_0_0_ 
    from
        notification notificati0_ 
    where
        notificati0_.user_id=? 
        and notificati0_.is_read=0
2026-09-05 20:24:09 [http-nio-8080-exec-6] TRACE o.h.type.descriptor.sql.BasicBinder - binding parameter [1] as [BIGINT] - [2]
2026-09-05 20:24:09 [http-nio-8080-exec-6] DEBUG o.s.s.w.c.SecurityContextPersistenceFilter - Cleared SecurityContextHolder to complete request
2026-09-05 20:24:38 [MessageBroker-6] DEBUG org.hibernate.SQL - 
    UPDATE
        teaching_activity 
    SET
        status = 'ONGOING' 
    WHERE
        is_deleted = false 
        AND status = 'APPROVED' 
        AND activity_time <= NOW() 
        AND DATE_ADD(activity_time, INTERVAL duration MINUTE) > NOW()
Hibernate: 
    UPDATE
        teaching_activity 
    SET
        status = 'ONGOING' 
    WHERE
        is_deleted = false 
        AND status = 'APPROVED' 
        AND activity_time <= NOW() 
        AND DATE_ADD(activity_time, INTERVAL duration MINUTE) > NOW()
2026-09-05 20:24:38 [MessageBroker-6] DEBUG org.hibernate.SQL - 
    UPDATE
        teaching_activity 
    SET
        status = 'ENDED_PENDING_ARCHIVE' 
    WHERE
        is_deleted = false 
        AND status IN (
            'APPROVED', 'ONGOING'
        ) 
        AND DATE_ADD(activity_time, INTERVAL duration MINUTE) <= NOW()
Hibernate: 
    UPDATE
        teaching_activity 
    SET
        status = 'ENDED_PENDING_ARCHIVE' 
    WHERE
        is_deleted = false 
        AND status IN (
            'APPROVED', 'ONGOING'
        ) 
        AND DATE_ADD(activity_time, INTERVAL duration MINUTE) <= NOW()
2026-09-05 20:24:39 [http-nio-8080-exec-7] DEBUG o.s.security.web.FilterChainProxy - Securing GET /api/notifications/unread-count
2026-09-05 20:24:39 [http-nio-8080-exec-7] DEBUG o.s.s.w.c.SecurityContextPersistenceFilter - Set SecurityContextHolder to empty SecurityContext
2026-09-05 20:24:39 [http-nio-8080-exec-7] DEBUG c.v.security.JwtAuthenticationFilter - JWT过滤: GET /api/notifications/unread-count
2026-09-05 20:24:39 [http-nio-8080-exec-7] DEBUG c.v.security.JwtAuthenticationFilter - 提取Token: 存在
2026-09-05 20:24:39 [http-nio-8080-exec-7] DEBUG com.vtr.security.JwtTokenProvider - Token验证成功
2026-09-05 20:24:39 [http-nio-8080-exec-7] DEBUG com.vtr.security.JwtTokenProvider - 从Token解析角色: [TEACHER]
2026-09-05 20:24:39 [http-nio-8080-exec-7] INFO  c.v.security.JwtAuthenticationFilter - 从Token解析: userId=2, username=teacher, roles=[TEACHER]
2026-09-05 20:24:39 [http-nio-8080-exec-7] INFO  c.v.security.JwtAuthenticationFilter - 认证成功: userId=2, username=teacher, roles=[TEACHER], isAdmin=false
2026-09-05 20:24:39 [http-nio-8080-exec-7] DEBUG o.s.s.w.u.m.RegexRequestMatcher - Checking match of request : '/api/notifications/unread-count'; against '/api/users/\d+'
2026-09-05 20:24:39 [http-nio-8080-exec-7] DEBUG o.s.security.web.FilterChainProxy - Secured GET /api/notifications/unread-count
2026-09-05 20:24:39 [http-nio-8080-exec-7] DEBUG o.s.s.a.i.a.MethodSecurityInterceptor - Authorized ReflectiveMethodInvocation: public com.vtr.common.Result com.vtr.controller.NotificationController.getUnreadCount(); target is of class [com.vtr.controller.NotificationController] with attributes [[authorize: 'isAuthenticated()', filter: 'null', filterTarget: 'null']]
2026-09-05 20:24:39 [http-nio-8080-exec-7] DEBUG org.hibernate.SQL - 
    select
        count(notificati0_.id) as col_0_0_ 
    from
        notification notificati0_ 
    where
        notificati0_.user_id=? 
        and notificati0_.is_read=0
Hibernate: 
    select
        count(notificati0_.id) as col_0_0_ 
    from
        notification notificati0_ 
    where
        notificati0_.user_id=? 
        and notificati0_.is_read=0
2026-09-05 20:24:39 [http-nio-8080-exec-7] TRACE o.h.type.descriptor.sql.BasicBinder - binding parameter [1] as [BIGINT] - [2]
2026-09-05 20:24:39 [http-nio-8080-exec-7] DEBUG o.s.s.w.c.SecurityContextPersistenceFilter - Cleared SecurityContextHolder to complete request
2026-09-05 20:24:43 [MessageBroker-3] DEBUG org.hibernate.SQL - 
    select
        assignment0_.id as id1_13_,
        assignment0_.created_at as created_2_13_,
        assignment0_.created_by as created_3_13_,
        assignment0_.is_deleted as is_delet4_13_,
        assignment0_.updated_at as updated_5_13_,
        assignment0_.updated_by as updated_6_13_,
        assignment0_.allowed_languages as allowed_7_13_,
        assignment0_.assignment_type as assignme8_13_,
        assignment0_.auto_test_ratio as auto_tes9_13_,
        assignment0_.classroom_id as classro10_13_,
        assignment0_.course_id as course_11_13_,
        assignment0_.deadline as deadlin12_13_,
        assignment0_.description as descrip13_13_,
        assignment0_.manual_review_ratio as manual_14_13_,
        assignment0_.max_submit_times as max_sub15_13_,
        assignment0_.memory_limit as memory_16_13_,
        assignment0_.publish_type as publish17_13_,
        assignment0_.question_ids as questio18_13_,
        assignment0_.reference_solution as referen19_13_,
        assignment0_.status as status20_13_,
        assignment0_.student_count as student21_13_,
        assignment0_.teacher_id as teacher26_13_,
        assignment0_.template_code as templat22_13_,
        assignment0_.time_limit as time_li23_13_,
        assignment0_.title as title24_13_,
        assignment0_.total_score as total_s25_13_ 
    from
        assignment assignment0_ 
    where
        (
            assignment0_.is_deleted = 0
        ) 
        and assignment0_.deadline>? 
        and assignment0_.status='PUBLISHED'
Hibernate: 
    select
        assignment0_.id as id1_13_,
        assignment0_.created_at as created_2_13_,
        assignment0_.created_by as created_3_13_,
        assignment0_.is_deleted as is_delet4_13_,
        assignment0_.updated_at as updated_5_13_,
        assignment0_.updated_by as updated_6_13_,
        assignment0_.allowed_languages as allowed_7_13_,
        assignment0_.assignment_type as assignme8_13_,
        assignment0_.auto_test_ratio as auto_tes9_13_,
        assignment0_.classroom_id as classro10_13_,
        assignment0_.course_id as course_11_13_,
        assignment0_.deadline as deadlin12_13_,
        assignment0_.description as descrip13_13_,
        assignment0_.manual_review_ratio as manual_14_13_,
        assignment0_.max_submit_times as max_sub15_13_,
        assignment0_.memory_limit as memory_16_13_,
        assignment0_.publish_type as publish17_13_,
        assignment0_.question_ids as questio18_13_,
        assignment0_.reference_solution as referen19_13_,
        assignment0_.status as status20_13_,
        assignment0_.student_count as student21_13_,
        assignment0_.teacher_id as teacher26_13_,
        assignment0_.template_code as templat22_13_,
        assignment0_.time_limit as time_li23_13_,
        assignment0_.title as title24_13_,
        assignment0_.total_score as total_s25_13_ 
    from
        assignment assignment0_ 
    where
        (
            assignment0_.is_deleted = 0
        ) 
        and assignment0_.deadline>? 
        and assignment0_.status='PUBLISHED'
2026-09-05 20:24:43 [MessageBroker-3] TRACE o.h.type.descriptor.sql.BasicBinder - binding parameter [1] as [TIMESTAMP] - [2026-09-05T20:24:43.414426400]
2026-09-05 20:24:43 [MessageBroker-3] DEBUG org.hibernate.SQL - 
    select
        classroom0_.id as id1_18_,
        classroom0_.class_name as class_na2_18_,
        classroom0_.course_id as course_i3_18_,
        classroom0_.created_at as created_4_18_,
        classroom0_.description as descript5_18_,
        classroom0_.grade as grade6_18_,
        classroom0_.invite_code as invite_c7_18_,
        classroom0_.semester as semester8_18_,
        classroom0_.status as status9_18_,
        classroom0_.student_count as student10_18_,
        classroom0_.teacher_id as teacher11_18_,
        classroom0_.updated_at as updated12_18_ 
    from
        classroom classroom0_ 
    where
        classroom0_.teacher_id=? 
        and classroom0_.status=?
Hibernate: 
    select
        classroom0_.id as id1_18_,
        classroom0_.class_name as class_na2_18_,
        classroom0_.course_id as course_i3_18_,
        classroom0_.created_at as created_4_18_,
        classroom0_.description as descript5_18_,
        classroom0_.grade as grade6_18_,
        classroom0_.invite_code as invite_c7_18_,
        classroom0_.semester as semester8_18_,
        classroom0_.status as status9_18_,
        classroom0_.student_count as student10_18_,
        classroom0_.teacher_id as teacher11_18_,
        classroom0_.updated_at as updated12_18_ 
    from
        classroom classroom0_ 
    where
        classroom0_.teacher_id=? 
        and classroom0_.status=?
2026-09-05 20:24:43 [MessageBroker-3] TRACE o.h.type.descriptor.sql.BasicBinder - binding parameter [1] as [BIGINT] - [2]
2026-09-05 20:24:43 [MessageBroker-3] TRACE o.h.type.descriptor.sql.BasicBinder - binding parameter [2] as [VARCHAR] - [ACTIVE]
2026-09-05 20:24:43 [MessageBroker-3] DEBUG org.hibernate.SQL - 
    select
        classrooms0_.id as id1_19_,
        classrooms0_.classroom_id as classroo2_19_,
        classrooms0_.created_at as created_3_19_,
        classrooms0_.removed_at as removed_4_19_,
        classrooms0_.status as status5_19_,
        classrooms0_.student_id as student_6_19_,
        classrooms0_.student_number as student_7_19_ 
    from
        classroom_student_relation classrooms0_ 
    where
        (
            classrooms0_.classroom_id in (
                ?
            )
        ) 
        and classrooms0_.status=?
Hibernate: 
    select
        classrooms0_.id as id1_19_,
        classrooms0_.classroom_id as classroo2_19_,
        classrooms0_.created_at as created_3_19_,
        classrooms0_.removed_at as removed_4_19_,
        classrooms0_.status as status5_19_,
        classrooms0_.student_id as student_6_19_,
        classrooms0_.student_number as student_7_19_ 
    from
        classroom_student_relation classrooms0_ 
    where
        (
            classrooms0_.classroom_id in (
                ?
            )
        ) 
        and classrooms0_.status=?
2026-09-05 20:24:43 [MessageBroker-3] TRACE o.h.type.descriptor.sql.BasicBinder - binding parameter [1] as [BIGINT] - [1]
2026-09-05 20:24:43 [MessageBroker-3] TRACE o.h.type.descriptor.sql.BasicBinder - binding parameter [2] as [VARCHAR] - [ACTIVE]
2026-09-05 20:24:43 [MessageBroker-3] DEBUG org.hibernate.SQL - 
    select
        count(submission0_.id) as col_0_0_ 
    from
        submission submission0_ 
    where
        submission0_.assignment_id=? 
        and (
            ? is null 
            or submission0_.student_id=?
        )
Hibernate: 
    select
        count(submission0_.id) as col_0_0_ 
    from
        submission submission0_ 
    where
        submission0_.assignment_id=? 
        and (
            ? is null 
            or submission0_.student_id=?
        )
2026-09-05 20:24:43 [MessageBroker-3] TRACE o.h.type.descriptor.sql.BasicBinder - binding parameter [1] as [BIGINT] - [4]
2026-09-05 20:24:43 [MessageBroker-3] TRACE o.h.type.descriptor.sql.BasicBinder - binding parameter [2] as [BIGINT] - [3]
2026-09-05 20:24:43 [MessageBroker-3] TRACE o.h.type.descriptor.sql.BasicBinder - binding parameter [3] as [BIGINT] - [3]
2026-09-05 20:24:43 [MessageBroker-3] DEBUG org.hibernate.SQL - 
    select
        notificati0_.id as col_0_0_ 
    from
        notification notificati0_ 
    where
        notificati0_.user_id=? 
        and notificati0_.type=? 
        and notificati0_.related_id=? limit ?
Hibernate: 
    select
        notificati0_.id as col_0_0_ 
    from
        notification notificati0_ 
    where
        notificati0_.user_id=? 
        and notificati0_.type=? 
        and notificati0_.related_id=? limit ?
2026-09-05 20:24:43 [MessageBroker-3] TRACE o.h.type.descriptor.sql.BasicBinder - binding parameter [1] as [BIGINT] - [3]
2026-09-05 20:24:43 [MessageBroker-3] TRACE o.h.type.descriptor.sql.BasicBinder - binding parameter [2] as [VARCHAR] - [ASSIGNMENT_DEADLINE_REMINDER]
2026-09-05 20:24:43 [MessageBroker-3] TRACE o.h.type.descriptor.sql.BasicBinder - binding parameter [3] as [BIGINT] - [4]
